SET IDENTITY_INSERT dbo.LoanCategory 
on;

INSERT INTO dbo.LoanCategory (LoanCategoryID, Description) VALUES (1, N'First');
INSERT INTO dbo.LoanCategory (LoanCategoryID, Description) VALUES (2, N'Subordinate');

SET IDENTITY_INSERT dbo.LoanCategory 
off;

SET IDENTITY_INSERT dbo.LoanType 
on;
INSERT INTO dbo.LoanType (LoanTypeID, LoanCategoryID, Description, LongDescription, Active, ActiveEndDate, RateLockDays, ActiveRates, LoanTypeCategoryID, SortOrder, ProductTypeID) VALUES (1, 2, N'CHDAP', N'California Homebuyer''s Downpayment Assistance Program (CHDAP)', 0, N'2014-07-01', 60, 0, null, 199.00, null);
INSERT INTO dbo.LoanType (LoanTypeID, LoanCategoryID, Description, LongDescription, Active, ActiveEndDate, RateLockDays, ActiveRates, LoanTypeCategoryID, SortOrder, ProductTypeID) VALUES (2, 2, N'HomeChoice CHAP (2003-2008)', N'HomeChoice CHAP (2003-2008)', 0, N'2014-07-01', 60, 0, null, 199.00, null);
INSERT INTO dbo.LoanType (LoanTypeID, LoanCategoryID, Description, LongDescription, Active, ActiveEndDate, RateLockDays, ActiveRates, LoanTypeCategoryID, SortOrder, ProductTypeID) VALUES (3, 2, N'SSLP (CaHLIF Silent Second) (2002-2005)', N'SSLP (CaHLIF Silent Second) (2002-2005)', 0, N'2014-07-01', 60, 0, null, 199.00, null);
INSERT INTO dbo.LoanType (LoanTypeID, LoanCategoryID, Description, LongDescription, Active, ActiveEndDate, RateLockDays, ActiveRates, LoanTypeCategoryID, SortOrder, ProductTypeID) VALUES (4, 2, N'CHAP (1988 -2008)', N'CHAP (1988 -2008)', 0, N'2014-07-01', 60, 0, null, 199.00, null);
INSERT INTO dbo.LoanType (LoanTypeID, LoanCategoryID, Description, LongDescription, Active, ActiveEndDate, RateLockDays, ActiveRates, LoanTypeCategoryID, SortOrder, ProductTypeID) VALUES (5, 2, N'MDP (1988-1995)', N'MDP (1988-1995)', 0, N'2014-07-01', 60, 0, null, 199.00, null);
INSERT INTO dbo.LoanType (LoanTypeID, LoanCategoryID, Description, LongDescription, Active, ActiveEndDate, RateLockDays, ActiveRates, LoanTypeCategoryID, SortOrder, ProductTypeID) VALUES (6, 2, N'HPA (1989-1994)', N'HPA (1989-1994)', 0, N'2014-07-01', 60, 0, null, 199.00, null);
INSERT INTO dbo.LoanType (LoanTypeID, LoanCategoryID, Description, LongDescription, Active, ActiveEndDate, RateLockDays, ActiveRates, LoanTypeCategoryID, SortOrder, ProductTypeID) VALUES (7, 2, N'HiCAP (2001-2008)', N'HiCAP (2001-2008)', 0, N'2014-07-01', 60, 0, null, 199.00, null);
INSERT INTO dbo.LoanType (LoanTypeID, LoanCategoryID, Description, LongDescription, Active, ActiveEndDate, RateLockDays, ActiveRates, LoanTypeCategoryID, SortOrder, ProductTypeID) VALUES (8, 2, N'ECTP', N'Extra Credit Teacher Program (ECTP)', 0, N'2016-09-12', 60, 0, null, 199.00, null);
INSERT INTO dbo.LoanType (LoanTypeID, LoanCategoryID, Description, LongDescription, Active, ActiveEndDate, RateLockDays, ActiveRates, LoanTypeCategoryID, SortOrder, ProductTypeID) VALUES (9, 2, N'Oakland ECTP (2003-2005)', N'Oakland Extra Credit Teacher Program (ECTP) (2003-2005)', 0, N'2014-07-01', 60, 0, null, 199.00, null);
INSERT INTO dbo.LoanType (LoanTypeID, LoanCategoryID, Description, LongDescription, Active, ActiveEndDate, RateLockDays, ActiveRates, LoanTypeCategoryID, SortOrder, ProductTypeID) VALUES (10, 2, N'HIRAP (2003-2007)', N'HIRAP (2003-2007)', 0, N'2014-07-01', 60, 0, null, 199.00, null);
INSERT INTO dbo.LoanType (LoanTypeID, LoanCategoryID, Description, LongDescription, Active, ActiveEndDate, RateLockDays, ActiveRates, LoanTypeCategoryID, SortOrder, ProductTypeID) VALUES (11, 2, N'Zero Interest Program (ZIP)', N'Zero Interest Program (ZIP)', 1, null, 60, 1, null, 198.00, 1);
INSERT INTO dbo.LoanType (LoanTypeID, LoanCategoryID, Description, LongDescription, Active, ActiveEndDate, RateLockDays, ActiveRates, LoanTypeCategoryID, SortOrder, ProductTypeID) VALUES (12, 2, N'ZIP Extra', N'ZIP Extra', 0, N'2014-11-04', 60, 0, null, 199.00, null);
INSERT INTO dbo.LoanType (LoanTypeID, LoanCategoryID, Description, LongDescription, Active, ActiveEndDate, RateLockDays, ActiveRates, LoanTypeCategoryID, SortOrder, ProductTypeID) VALUES (13, 1, N'Fixed 30-year mortgage (1977-2009)', N'Fixed 30-year mortgage (1977-2009)', 0, N'2014-07-01', 60, 0, null, 199.00, null);
INSERT INTO dbo.LoanType (LoanTypeID, LoanCategoryID, Description, LongDescription, Active, ActiveEndDate, RateLockDays, ActiveRates, LoanTypeCategoryID, SortOrder, ProductTypeID) VALUES (14, 1, N'ARM 30-year mortgage (1994-1998)', N'ARM 30-year mortgage (1994-1998)', 0, N'2014-07-01', 60, 0, null, 199.00, null);
INSERT INTO dbo.LoanType (LoanTypeID, LoanCategoryID, Description, LongDescription, Active, ActiveEndDate, RateLockDays, ActiveRates, LoanTypeCategoryID, SortOrder, ProductTypeID) VALUES (15, 1, N'Fixed 25-year mortgage (1977-1992)', N'Fixed 25-year mortgage (1977-1992)', 0, N'2014-07-01', 60, 0, null, 199.00, null);
INSERT INTO dbo.LoanType (LoanTypeID, LoanCategoryID, Description, LongDescription, Active, ActiveEndDate, RateLockDays, ActiveRates, LoanTypeCategoryID, SortOrder, ProductTypeID) VALUES (16, 1, N'IOP Whole Loans (2005-2008)', N'Interest Only PLUS Whole Loans (2005-2008)', 0, N'2014-07-01', 60, 0, null, 199.00, null);
INSERT INTO dbo.LoanType (LoanTypeID, LoanCategoryID, Description, LongDescription, Active, ActiveEndDate, RateLockDays, ActiveRates, LoanTypeCategoryID, SortOrder, ProductTypeID) VALUES (17, 1, N'CitiBank''s Cal-Combo (2005-2007)', N'CitiBank''s Cal-Combo (2005-2007)', 0, N'2014-07-01', 60, 0, null, 199.00, null);
INSERT INTO dbo.LoanType (LoanTypeID, LoanCategoryID, Description, LongDescription, Active, ActiveEndDate, RateLockDays, ActiveRates, LoanTypeCategoryID, SortOrder, ProductTypeID) VALUES (18, 1, N'Fixed 40-year (2006-2008)', N'Fixed 40-year (2006-2008)', 0, N'2014-07-01', 60, 0, null, 199.00, null);
INSERT INTO dbo.LoanType (LoanTypeID, LoanCategoryID, Description, LongDescription, Active, ActiveEndDate, RateLockDays, ActiveRates, LoanTypeCategoryID, SortOrder, ProductTypeID) VALUES (19, 1, N'IOP Conforming (MBS-eligible) (2007-2008)', N'IOP Conforming (MBS-eligible) (2007-2008)', 0, N'2014-07-01', 60, 0, null, 199.00, null);
INSERT INTO dbo.LoanType (LoanTypeID, LoanCategoryID, Description, LongDescription, Active, ActiveEndDate, RateLockDays, ActiveRates, LoanTypeCategoryID, SortOrder, ProductTypeID) VALUES (20, 1, N'HomeChoice 30-year (2004-2008)', N'HomeChoice 30-year (2004-2008)', 0, N'2014-07-01', 60, 0, null, 199.00, null);
INSERT INTO dbo.LoanType (LoanTypeID, LoanCategoryID, Description, LongDescription, Active, ActiveEndDate, RateLockDays, ActiveRates, LoanTypeCategoryID, SortOrder, ProductTypeID) VALUES (21, 1, N'REO SMART (2008-2010)', N'REO SMART (2008-2010)', 0, N'2014-07-01', 60, 0, null, 199.00, null);
INSERT INTO dbo.LoanType (LoanTypeID, LoanCategoryID, Description, LongDescription, Active, ActiveEndDate, RateLockDays, ActiveRates, LoanTypeCategoryID, SortOrder, ProductTypeID) VALUES (22, 1, N'CSHLP (2008-2010)', N'Community Stabilization (CSHLP) (2008-2010)', 0, N'2014-07-01', 60, 0, null, 199.00, null);
INSERT INTO dbo.LoanType (LoanTypeID, LoanCategoryID, Description, LongDescription, Active, ActiveEndDate, RateLockDays, ActiveRates, LoanTypeCategoryID, SortOrder, ProductTypeID) VALUES (23, 1, N'ECTP Firsts (2001-2009)', N'Extra Credit Teacher Program (ECTP) Firsts (2001-2009)', 0, N'2014-07-01', 60, 0, null, 199.00, null);
INSERT INTO dbo.LoanType (LoanTypeID, LoanCategoryID, Description, LongDescription, Active, ActiveEndDate, RateLockDays, ActiveRates, LoanTypeCategoryID, SortOrder, ProductTypeID) VALUES (24, 1, N'Oakland ECTP Firsts (2001-2004)', N'Oakland ECTP Firsts (2001-2004)', 0, N'2014-07-01', 60, 0, null, 199.00, null);
INSERT INTO dbo.LoanType (LoanTypeID, LoanCategoryID, Description, LongDescription, Active, ActiveEndDate, RateLockDays, ActiveRates, LoanTypeCategoryID, SortOrder, ProductTypeID) VALUES (25, 1, N'Cal30 Conventional (2009-2011)', N'Cal30 Conventional (2009-2011)', 0, N'2014-07-01', 60, 0, null, 199.00, null);
INSERT INTO dbo.LoanType (LoanTypeID, LoanCategoryID, Description, LongDescription, Active, ActiveEndDate, RateLockDays, ActiveRates, LoanTypeCategoryID, SortOrder, ProductTypeID) VALUES (26, 1, N'CalHFA FHA (2010-2011)', N'CalHFA FHA (2010-2011)', 0, N'2014-07-01', 60, 0, null, 199.00, null);
INSERT INTO dbo.LoanType (LoanTypeID, LoanCategoryID, Description, LongDescription, Active, ActiveEndDate, RateLockDays, ActiveRates, LoanTypeCategoryID, SortOrder, ProductTypeID) VALUES (27, 1, N'CalHFA FHA', N'CalHFA FHA', 1, null, 60, 1, 1, 10.00, 1);
INSERT INTO dbo.LoanType (LoanTypeID, LoanCategoryID, Description, LongDescription, Active, ActiveEndDate, RateLockDays, ActiveRates, LoanTypeCategoryID, SortOrder, ProductTypeID) VALUES (28, 1, N'CalPLUS FHA', N'CalPLUS FHA', 0, N'2016-05-31', 60, 0, null, 199.00, null);
INSERT INTO dbo.LoanType (LoanTypeID, LoanCategoryID, Description, LongDescription, Active, ActiveEndDate, RateLockDays, ActiveRates, LoanTypeCategoryID, SortOrder, ProductTypeID) VALUES (29, 1, N'CalHFA Conventional (with DPA)', N'CalHFA Conventional (with DPA)', 1, null, 60, 1, 2, 60.00, 1);
INSERT INTO dbo.LoanType (LoanTypeID, LoanCategoryID, Description, LongDescription, Active, ActiveEndDate, RateLockDays, ActiveRates, LoanTypeCategoryID, SortOrder, ProductTypeID) VALUES (30, 1, N'CalPLUS Conventional', N'CalPLUS Conventional', 0, N'2016-05-31', 60, 0, null, 199.00, null);
INSERT INTO dbo.LoanType (LoanTypeID, LoanCategoryID, Description, LongDescription, Active, ActiveEndDate, RateLockDays, ActiveRates, LoanTypeCategoryID, SortOrder, ProductTypeID) VALUES (31, 1, N'CalHFA EEM + Grant', N'CalHFA EEM + Grant', 0, null, 60, 0, 1, 50.00, 1);
INSERT INTO dbo.LoanType (LoanTypeID, LoanCategoryID, Description, LongDescription, Active, ActiveEndDate, RateLockDays, ActiveRates, LoanTypeCategoryID, SortOrder, ProductTypeID) VALUES (32, 2, N'MyHome', N'MyHome Assistance Program', 1, null, 60, 1, null, 151.00, 1);
INSERT INTO dbo.LoanType (LoanTypeID, LoanCategoryID, Description, LongDescription, Active, ActiveEndDate, RateLockDays, ActiveRates, LoanTypeCategoryID, SortOrder, ProductTypeID) VALUES (33, 1, N'CalPLUS FHA with ZIP 3.5%', N'CalPLUS FHA with ZIP 3.5%', 0, N'2016-10-31', 60, 0, null, 199.00, null);
INSERT INTO dbo.LoanType (LoanTypeID, LoanCategoryID, Description, LongDescription, Active, ActiveEndDate, RateLockDays, ActiveRates, LoanTypeCategoryID, SortOrder, ProductTypeID) VALUES (34, 1, N'CalPLUS FHA with ZIP 4.5%', N'CalPLUS FHA with ZIP 4.5%', 0, N'2016-10-31', 60, 0, null, 199.00, null);
INSERT INTO dbo.LoanType (LoanTypeID, LoanCategoryID, Description, LongDescription, Active, ActiveEndDate, RateLockDays, ActiveRates, LoanTypeCategoryID, SortOrder, ProductTypeID) VALUES (35, 1, N'CalPLUS Conventional with ZIP 3%', N'CalPLUS Conventional with ZIP 3%', 1, null, 60, 1, 2, 90.00, 1);
INSERT INTO dbo.LoanType (LoanTypeID, LoanCategoryID, Description, LongDescription, Active, ActiveEndDate, RateLockDays, ActiveRates, LoanTypeCategoryID, SortOrder, ProductTypeID) VALUES (36, 1, N'CalPLUS Conventional with ZIP 4%', N'CalPLUS Conventional with ZIP 4%', 0, N'2019-02-28', 60, 0, 2, 199.00, null);
INSERT INTO dbo.LoanType (LoanTypeID, LoanCategoryID, Description, LongDescription, Active, ActiveEndDate, RateLockDays, ActiveRates, LoanTypeCategoryID, SortOrder, ProductTypeID) VALUES (37, 1, N'CalPLUS FHA with ZIP 3%', N'CalPLUS FHA with ZIP 3%', 1, null, 60, 1, 1, 40.00, 1);
INSERT INTO dbo.LoanType (LoanTypeID, LoanCategoryID, Description, LongDescription, Active, ActiveEndDate, RateLockDays, ActiveRates, LoanTypeCategoryID, SortOrder, ProductTypeID) VALUES (38, 1, N'CalPLUS FHA with ZIP 4%', N'CalPLUS FHA with ZIP 4%', 0, N'2019-02-28', 60, 0, 1, 199.00, null);
INSERT INTO dbo.LoanType (LoanTypeID, LoanCategoryID, Description, LongDescription, Active, ActiveEndDate, RateLockDays, ActiveRates, LoanTypeCategoryID, SortOrder, ProductTypeID) VALUES (39, 1, N'CalHFA VA', N'CalHFA VA', 1, null, 60, 1, 3, 20.00, 1);
INSERT INTO dbo.LoanType (LoanTypeID, LoanCategoryID, Description, LongDescription, Active, ActiveEndDate, RateLockDays, ActiveRates, LoanTypeCategoryID, SortOrder, ProductTypeID) VALUES (40, 2, N'School Program', N'School Teacher and Employee Assistance Program', 1, N'2020-03-02', 60, 0, null, 152.00, 1);
INSERT INTO dbo.LoanType (LoanTypeID, LoanCategoryID, Description, LongDescription, Active, ActiveEndDate, RateLockDays, ActiveRates, LoanTypeCategoryID, SortOrder, ProductTypeID) VALUES (41, 1, N'710 Project', N'710 CalTrans Project', 0, N'2014-07-01', 60, 0, null, 199.00, null);
INSERT INTO dbo.LoanType (LoanTypeID, LoanCategoryID, Description, LongDescription, Active, ActiveEndDate, RateLockDays, ActiveRates, LoanTypeCategoryID, SortOrder, ProductTypeID) VALUES (42, 1, N'CalPLUS Conventional with ZIP 2%', N'CalPLUS Conventional with ZIP 2%', 1, null, 60, 1, 2, 80.00, 1);
INSERT INTO dbo.LoanType (LoanTypeID, LoanCategoryID, Description, LongDescription, Active, ActiveEndDate, RateLockDays, ActiveRates, LoanTypeCategoryID, SortOrder, ProductTypeID) VALUES (43, 1, N'CalPLUS FHA with ZIP 2%', N'CalPLUS FHA with ZIP 2%', 1, null, 60, 1, 1, 30.00, 1);
INSERT INTO dbo.LoanType (LoanTypeID, LoanCategoryID, Description, LongDescription, Active, ActiveEndDate, RateLockDays, ActiveRates, LoanTypeCategoryID, SortOrder, ProductTypeID) VALUES (44, 1, N'CalHFA Conventional No DPA', N'CalHFA Conventional No DPA', 1, null, 60, 1, 2, 70.00, 1);
INSERT INTO dbo.LoanType (LoanTypeID, LoanCategoryID, Description, LongDescription, Active, ActiveEndDate, RateLockDays, ActiveRates, LoanTypeCategoryID, SortOrder, ProductTypeID) VALUES (45, 1, N'CalHFA USDA', N'CalHFA USDA', 1, null, 60, 1, 4, 25.00, 1);
SET IDENTITY_INSERT dbo.LoanType 
off;

SET IDENTITY_INSERT dbo.Loan 
ON;
INSERT INTO dbo.Loan (LoanID, LoanTypeID, LoanAmount, AnnualIncome, HouseholdCount, DeliveryDate, LVRatio, InterestRate, Balance, InsCode, InsurerNum, ReservDateTime) VALUES (1364718, 44, 80000.00, 12345.00, 3, null, null, null, null, 22, N'042-7870885-796', N'2021-10-04 15:34:54.320');
INSERT INTO dbo.Loan (LoanID, LoanTypeID, LoanAmount, AnnualIncome, HouseholdCount, DeliveryDate, LVRatio, InterestRate, Balance, InsCode, InsurerNum, ReservDateTime) VALUES (1364717, 32, 3000.00, 12345.00, 5, null, null, 0.01000, null, 22, N'042-7870885-796', N'2021-09-29 13:04:54.000');
INSERT INTO dbo.Loan (LoanID, LoanTypeID, LoanAmount, AnnualIncome, HouseholdCount, DeliveryDate, LVRatio, InterestRate, Balance, InsCode, InsurerNum, ReservDateTime) VALUES (1364716, 11, 3000.00, 12345.00, 5, null, null, 0.00000, null, 22, N'042-7870885-796', N'2021-09-29 13:04:54.000');
INSERT INTO dbo.Loan (LoanID, LoanTypeID, LoanAmount, AnnualIncome, HouseholdCount, DeliveryDate, LVRatio, InterestRate, Balance, InsCode, InsurerNum, ReservDateTime) VALUES (1364715, 35, 100000.00, 12345.00, 5, null, null, 0.04625, null, 22, N'464564', N'2021-09-29 13:04:54.000');
INSERT INTO dbo.Loan (LoanID, LoanTypeID, LoanAmount, AnnualIncome, HouseholdCount, DeliveryDate, LVRatio, InterestRate, Balance, InsCode, InsurerNum, ReservDateTime) VALUES (1364714, 32, 3000.00, 12345.00, 5, null, null, 0.01000, null, 5, N'042-7870885-796', N'2021-09-29 13:00:49.333');
INSERT INTO dbo.Loan (LoanID, LoanTypeID, LoanAmount, AnnualIncome, HouseholdCount, DeliveryDate, LVRatio, InterestRate, Balance, InsCode, InsurerNum, ReservDateTime) VALUES (1364713, 11, 1550.00, 12345.00, 5, null, null, 0.00000, null, 5, N'042-7870885-796', N'2021-09-29 13:00:49.333');
INSERT INTO dbo.Loan (LoanID, LoanTypeID, LoanAmount, AnnualIncome, HouseholdCount, DeliveryDate, LVRatio, InterestRate, Balance, InsCode, InsurerNum, ReservDateTime) VALUES (1364712, 37, 89000.00, 12345.00, 5, null, null, 0.04625, null, 5, N'464564', N'2021-09-29 13:00:49.333');
INSERT INTO dbo.Loan (LoanID, LoanTypeID, LoanAmount, AnnualIncome, HouseholdCount, DeliveryDate, LVRatio, InterestRate, Balance, InsCode, InsurerNum, ReservDateTime) VALUES (1364711, 32, 2000.00, 12345.00, 4, null, null, 0.01000, null, 7, N'042-7870885-796', N'2021-09-28 12:03:36.977');
INSERT INTO dbo.Loan (LoanID, LoanTypeID, LoanAmount, AnnualIncome, HouseholdCount, DeliveryDate, LVRatio, InterestRate, Balance, InsCode, InsurerNum, ReservDateTime) VALUES (1364710, 39, 101500.00, 12345.00, 4, null, null, 0.04625, null, 7, N'042-7870885-796', N'2021-09-28 12:03:36.977');
INSERT INTO dbo.Loan (LoanID, LoanTypeID, LoanAmount, AnnualIncome, HouseholdCount, DeliveryDate, LVRatio, InterestRate, Balance, InsCode, InsurerNum, ReservDateTime) VALUES (1364709, 32, 2000.00, 12345.00, 4, null, null, 0.01000, null, 5, N'042-7870885-796', N'2021-09-28 11:42:58.160');
INSERT INTO dbo.Loan (LoanID, LoanTypeID, LoanAmount, AnnualIncome, HouseholdCount, DeliveryDate, LVRatio, InterestRate, Balance, InsCode, InsurerNum, ReservDateTime) VALUES (1364708, 27, 101500.00, 12345.00, 4, null, null, 0.04625, null, 5, N'042-7870885-796', N'2021-09-28 11:42:58.160');
INSERT INTO dbo.Loan (LoanID, LoanTypeID, LoanAmount, AnnualIncome, HouseholdCount, DeliveryDate, LVRatio, InterestRate, Balance, InsCode, InsurerNum, ReservDateTime) VALUES (1364707, 32, 2000.00, 12345.00, 3, null, null, 0.01000, null, 30, N'042-7870885-796', N'2021-09-28 11:33:46.000');
INSERT INTO dbo.Loan (LoanID, LoanTypeID, LoanAmount, AnnualIncome, HouseholdCount, DeliveryDate, LVRatio, InterestRate, Balance, InsCode, InsurerNum, ReservDateTime) VALUES (1364706, 45, 100500.00, 12345.00, 3, null, null, 0.04625, null, 30, N'042-7870885-796', N'2021-09-28 11:33:46.000');
INSERT INTO dbo.Loan (LoanID, LoanTypeID, LoanAmount, AnnualIncome, HouseholdCount, DeliveryDate, LVRatio, InterestRate, Balance, InsCode, InsurerNum, ReservDateTime) VALUES (1364705, 32, 16000.00, 102345.00, 1, null, null, null, null, 5, N'042-7870885-796', N'2021-09-23 13:03:56.193');
INSERT INTO dbo.Loan (LoanID, LoanTypeID, LoanAmount, AnnualIncome, HouseholdCount, DeliveryDate, LVRatio, InterestRate, Balance, InsCode, InsurerNum, ReservDateTime) VALUES (1364704, 27, 600000.00, 102345.00, 1, null, null, null, null, 5, N'042-7870885-796', N'2021-09-23 13:03:56.193');
INSERT INTO dbo.Loan (LoanID, LoanTypeID, LoanAmount, AnnualIncome, HouseholdCount, DeliveryDate, LVRatio, InterestRate, Balance, InsCode, InsurerNum, ReservDateTime) VALUES (1364703, 32, 2000.00, 12345.00, 4, null, null, null, null, 5, N'5757567', N'2021-09-23 12:29:50.940');
INSERT INTO dbo.Loan (LoanID, LoanTypeID, LoanAmount, AnnualIncome, HouseholdCount, DeliveryDate, LVRatio, InterestRate, Balance, InsCode, InsurerNum, ReservDateTime) VALUES (1364702, 11, 2000.00, 12345.00, 4, null, null, null, null, 5, N'5757567', N'2021-09-23 12:29:50.940');
INSERT INTO dbo.Loan (LoanID, LoanTypeID, LoanAmount, AnnualIncome, HouseholdCount, DeliveryDate, LVRatio, InterestRate, Balance, InsCode, InsurerNum, ReservDateTime) VALUES (1364701, 43, 103000.00, 12345.00, 4, null, null, null, null, 5, N'5757567', N'2021-09-23 12:29:50.940');
INSERT INTO dbo.Loan (LoanID, LoanTypeID, LoanAmount, AnnualIncome, HouseholdCount, DeliveryDate, LVRatio, InterestRate, Balance, InsCode, InsurerNum, ReservDateTime) VALUES (1364700, 32, 3500.00, 12345.00, 5, null, null, null, null, 22, N'042-7870885-796', N'2021-09-22 13:54:01.437');
INSERT INTO dbo.Loan (LoanID, LoanTypeID, LoanAmount, AnnualIncome, HouseholdCount, DeliveryDate, LVRatio, InterestRate, Balance, InsCode, InsurerNum, ReservDateTime) VALUES (1364699, 11, 1000.00, 12345.00, 5, null, null, null, null, 22, N'042-7870885-796', N'2021-09-22 13:54:01.437');
INSERT INTO dbo.Loan (LoanID, LoanTypeID, LoanAmount, AnnualIncome, HouseholdCount, DeliveryDate, LVRatio, InterestRate, Balance, InsCode, InsurerNum, ReservDateTime) VALUES (1364698, 42, 110000.00, 12345.00, 5, null, null, null, null, 22, N'042-7870885-796', N'2021-09-22 13:54:01.437');
INSERT INTO dbo.Loan (LoanID, LoanTypeID, LoanAmount, AnnualIncome, HouseholdCount, DeliveryDate, LVRatio, InterestRate, Balance, InsCode, InsurerNum, ReservDateTime) VALUES (1364697, 32, 2000.00, 12345.00, 3, null, null, 0.01000, null, 22, N'TEST-TEST', N'2021-09-14 15:16:57.000');
INSERT INTO dbo.Loan (LoanID, LoanTypeID, LoanAmount, AnnualIncome, HouseholdCount, DeliveryDate, LVRatio, InterestRate, Balance, InsCode, InsurerNum, ReservDateTime) VALUES (1364696, 11, 1620.00, 12345.00, 3, null, null, 0.00000, null, 22, N'TEST-TEST', N'2021-09-14 15:16:57.000');
INSERT INTO dbo.Loan (LoanID, LoanTypeID, LoanAmount, AnnualIncome, HouseholdCount, DeliveryDate, LVRatio, InterestRate, Balance, InsCode, InsurerNum, ReservDateTime) VALUES (1364695, 42, 81000.00, 12345.00, 3, null, null, 0.04625, null, 22, N'TEST-TEST', N'2021-09-14 15:16:57.000');
INSERT INTO dbo.Loan (LoanID, LoanTypeID, LoanAmount, AnnualIncome, HouseholdCount, DeliveryDate, LVRatio, InterestRate, Balance, InsCode, InsurerNum, ReservDateTime) VALUES (1364694, 32, 3000.00, 12345.00, 4, null, null, null, null, 5, N'042-7870885-796', N'2021-09-14 09:15:38.000');
INSERT INTO dbo.Loan (LoanID, LoanTypeID, LoanAmount, AnnualIncome, HouseholdCount, DeliveryDate, LVRatio, InterestRate, Balance, InsCode, InsurerNum, ReservDateTime) VALUES (1364693, 27, 104000.00, 12345.00, 4, null, null, null, null, 5, N'042-7870885-796', N'2021-09-14 09:15:38.000');
INSERT INTO dbo.Loan (LoanID, LoanTypeID, LoanAmount, AnnualIncome, HouseholdCount, DeliveryDate, LVRatio, InterestRate, Balance, InsCode, InsurerNum, ReservDateTime) VALUES (1364692, 32, 2000.00, 45000.00, 3, null, null, null, null, 5, N'042-7870885-796', N'2021-09-10 11:25:24.000');
INSERT INTO dbo.Loan (LoanID, LoanTypeID, LoanAmount, AnnualIncome, HouseholdCount, DeliveryDate, LVRatio, InterestRate, Balance, InsCode, InsurerNum, ReservDateTime) VALUES (1364691, 27, 72000.00, 45000.00, 3, null, null, null, null, 5, N'042-7870885-796', N'2021-09-10 11:25:24.000');
INSERT INTO dbo.Loan (LoanID, LoanTypeID, LoanAmount, AnnualIncome, HouseholdCount, DeliveryDate, LVRatio, InterestRate, Balance, InsCode, InsurerNum, ReservDateTime) VALUES (1364690, 32, 2000.00, 12345.00, 4, null, null, null, null, 22, N'TEST-TEST', N'2021-09-09 11:03:13.887');
INSERT INTO dbo.Loan (LoanID, LoanTypeID, LoanAmount, AnnualIncome, HouseholdCount, DeliveryDate, LVRatio, InterestRate, Balance, InsCode, InsurerNum, ReservDateTime) VALUES (1364689, 11, 3300.00, 12345.00, 4, null, null, null, null, 22, N'TEST-TEST', N'2021-09-09 11:03:13.887');
INSERT INTO dbo.Loan (LoanID, LoanTypeID, LoanAmount, AnnualIncome, HouseholdCount, DeliveryDate, LVRatio, InterestRate, Balance, InsCode, InsurerNum, ReservDateTime) VALUES (1364688, 35, 110000.00, 12345.00, 4, null, null, null, null, 22, N'TEST-TEST', N'2021-09-09 11:03:13.887');
INSERT INTO dbo.Loan (LoanID, LoanTypeID, LoanAmount, AnnualIncome, HouseholdCount, DeliveryDate, LVRatio, InterestRate, Balance, InsCode, InsurerNum, ReservDateTime) VALUES (1364687, 32, 2000.00, 12345.00, 4, null, null, 0.01000, null, 5, N'042-7870885-796', N'2021-09-09 10:43:46.777');
INSERT INTO dbo.Loan (LoanID, LoanTypeID, LoanAmount, AnnualIncome, HouseholdCount, DeliveryDate, LVRatio, InterestRate, Balance, InsCode, InsurerNum, ReservDateTime) VALUES (1364686, 11, 2000.00, 12345.00, 4, null, null, 0.00000, null, 5, N'042-7870885-796', N'2021-09-09 10:43:46.777');
INSERT INTO dbo.Loan (LoanID, LoanTypeID, LoanAmount, AnnualIncome, HouseholdCount, DeliveryDate, LVRatio, InterestRate, Balance, InsCode, InsurerNum, ReservDateTime) VALUES (1364685, 43, 108000.00, 12345.00, 4, null, null, 0.04625, null, 5, N'042-7870885-796', N'2021-09-09 10:43:46.777');
INSERT INTO dbo.Loan (LoanID, LoanTypeID, LoanAmount, AnnualIncome, HouseholdCount, DeliveryDate, LVRatio, InterestRate, Balance, InsCode, InsurerNum, ReservDateTime) VALUES (1364684, 32, 2000.00, 12345.00, 4, null, null, null, null, 5, N'042-7870885-796', N'2021-09-02 10:01:36.000');
INSERT INTO dbo.Loan (LoanID, LoanTypeID, LoanAmount, AnnualIncome, HouseholdCount, DeliveryDate, LVRatio, InterestRate, Balance, InsCode, InsurerNum, ReservDateTime) VALUES (1364683, 11, 2400.00, 12345.00, 4, null, null, null, null, 5, N'042-7870885-796', N'2021-09-02 10:01:36.000');
INSERT INTO dbo.Loan (LoanID, LoanTypeID, LoanAmount, AnnualIncome, HouseholdCount, DeliveryDate, LVRatio, InterestRate, Balance, InsCode, InsurerNum, ReservDateTime) VALUES (1364682, 37, 80600.00, 12345.00, 4, null, null, null, null, 5, N'042-7870885-796', N'2021-09-02 10:01:36.000');
INSERT INTO dbo.Loan (LoanID, LoanTypeID, LoanAmount, AnnualIncome, HouseholdCount, DeliveryDate, LVRatio, InterestRate, Balance, InsCode, InsurerNum, ReservDateTime) VALUES (1364681, 32, 3000.00, 12345.00, 4, null, null, null, null, 5, N'042-7870885-796', N'2021-09-02 09:13:27.067');
INSERT INTO dbo.Loan (LoanID, LoanTypeID, LoanAmount, AnnualIncome, HouseholdCount, DeliveryDate, LVRatio, InterestRate, Balance, InsCode, InsurerNum, ReservDateTime) VALUES (1364680, 27, 100000.00, 12345.00, 4, null, null, null, null, 5, N'042-7870885-796', N'2021-09-02 09:13:27.067');
INSERT INTO dbo.Loan (LoanID, LoanTypeID, LoanAmount, AnnualIncome, HouseholdCount, DeliveryDate, LVRatio, InterestRate, Balance, InsCode, InsurerNum, ReservDateTime) VALUES (1364679, 32, 1000.00, 80345.00, 2, null, null, null, null, 5, N'042-7870885-796', N'2021-09-01 11:07:27.970');
INSERT INTO dbo.Loan (LoanID, LoanTypeID, LoanAmount, AnnualIncome, HouseholdCount, DeliveryDate, LVRatio, InterestRate, Balance, InsCode, InsurerNum, ReservDateTime) VALUES (1364678, 11, 3000.00, 80345.00, 2, null, null, null, null, 5, N'042-7870885-796', N'2021-09-01 11:07:27.970');
INSERT INTO dbo.Loan (LoanID, LoanTypeID, LoanAmount, AnnualIncome, HouseholdCount, DeliveryDate, LVRatio, InterestRate, Balance, InsCode, InsurerNum, ReservDateTime) VALUES (1364677, 37, 100000.00, 80345.00, 2, null, null, null, null, 5, N'042-7870885-796', N'2021-09-01 11:07:27.970');
INSERT INTO dbo.Loan (LoanID, LoanTypeID, LoanAmount, AnnualIncome, HouseholdCount, DeliveryDate, LVRatio, InterestRate, Balance, InsCode, InsurerNum, ReservDateTime) VALUES (1364676, 32, 2000.00, 12345.00, 1, null, null, null, null, 5, N'042-7870885-796', N'2021-09-01 10:32:33.073');
INSERT INTO dbo.Loan (LoanID, LoanTypeID, LoanAmount, AnnualIncome, HouseholdCount, DeliveryDate, LVRatio, InterestRate, Balance, InsCode, InsurerNum, ReservDateTime) VALUES (1364675, 27, 100000.00, 12345.00, 1, null, null, null, null, 5, N'042-7870885-796', N'2021-09-01 10:32:33.073');
INSERT INTO dbo.Loan (LoanID, LoanTypeID, LoanAmount, AnnualIncome, HouseholdCount, DeliveryDate, LVRatio, InterestRate, Balance, InsCode, InsurerNum, ReservDateTime) VALUES (1364674, 32, 2000.00, 12345.00, 1, null, null, null, null, 5, N'042-7870885-796', N'2021-09-01 10:18:11.697');
INSERT INTO dbo.Loan (LoanID, LoanTypeID, LoanAmount, AnnualIncome, HouseholdCount, DeliveryDate, LVRatio, InterestRate, Balance, InsCode, InsurerNum, ReservDateTime) VALUES (1364673, 27, 100000.00, 12345.00, 1, null, null, null, null, 5, N'042-7870885-796', N'2021-09-01 10:18:11.697');
INSERT INTO dbo.Loan (LoanID, LoanTypeID, LoanAmount, AnnualIncome, HouseholdCount, DeliveryDate, LVRatio, InterestRate, Balance, InsCode, InsurerNum, ReservDateTime) VALUES (1364672, 32, 2000.00, 12345.00, 6, null, null, null, null, 5, N'042-7870885-796', N'2021-08-25 14:26:50.120');
INSERT INTO dbo.Loan (LoanID, LoanTypeID, LoanAmount, AnnualIncome, HouseholdCount, DeliveryDate, LVRatio, InterestRate, Balance, InsCode, InsurerNum, ReservDateTime) VALUES (1364671, 11, 3000.00, 12345.00, 6, null, null, null, null, 5, N'042-7870885-796', N'2021-08-25 14:26:50.120');
INSERT INTO dbo.Loan (LoanID, LoanTypeID, LoanAmount, AnnualIncome, HouseholdCount, DeliveryDate, LVRatio, InterestRate, Balance, InsCode, InsurerNum, ReservDateTime) VALUES (1364670, 37, 105000.00, 12345.00, 6, null, null, null, null, 5, N'042-7870885-796', N'2021-08-25 14:26:50.120');
INSERT INTO dbo.Loan (LoanID, LoanTypeID, LoanAmount, AnnualIncome, HouseholdCount, DeliveryDate, LVRatio, InterestRate, Balance, InsCode, InsurerNum, ReservDateTime) VALUES (1364669, 32, 12300.00, 69999.96, 3, null, null, 0.01000, null, 22, N'042-7870885-796', N'2021-08-16 13:43:11.747');
INSERT INTO dbo.Loan (LoanID, LoanTypeID, LoanAmount, AnnualIncome, HouseholdCount, DeliveryDate, LVRatio, InterestRate, Balance, InsCode, InsurerNum, ReservDateTime) VALUES (1364668, 11, 2000.00, 12345.00, 3, null, null, 0.00000, null, 22, N'042-7870885-796', N'2021-08-10 09:38:02.650');
INSERT INTO dbo.Loan (LoanID, LoanTypeID, LoanAmount, AnnualIncome, HouseholdCount, DeliveryDate, LVRatio, InterestRate, Balance, InsCode, InsurerNum, ReservDateTime) VALUES (1364667, 32, 10570.00, 95000.00, 5, null, null, null, null, 5, N'042-7870885-796', N'2021-08-11 13:02:41.640');
INSERT INTO dbo.Loan (LoanID, LoanTypeID, LoanAmount, AnnualIncome, HouseholdCount, DeliveryDate, LVRatio, InterestRate, Balance, InsCode, InsurerNum, ReservDateTime) VALUES (1364666, 11, 8895.00, 95000.00, 5, null, null, null, null, 5, N'042-7870885-796', N'2021-08-11 13:02:41.640');
INSERT INTO dbo.Loan (LoanID, LoanTypeID, LoanAmount, AnnualIncome, HouseholdCount, DeliveryDate, LVRatio, InterestRate, Balance, InsCode, InsurerNum, ReservDateTime) VALUES (1364665, 37, 296530.00, 95000.00, 5, null, null, null, null, 5, N'045-9919872', N'2021-08-11 13:02:41.640');
INSERT INTO dbo.Loan (LoanID, LoanTypeID, LoanAmount, AnnualIncome, HouseholdCount, DeliveryDate, LVRatio, InterestRate, Balance, InsCode, InsurerNum, ReservDateTime) VALUES (1364664, 32, 2000.00, 12345.00, 1, null, null, null, null, 5, N'042-7870885-796', N'2021-08-11 11:06:57.440');
INSERT INTO dbo.Loan (LoanID, LoanTypeID, LoanAmount, AnnualIncome, HouseholdCount, DeliveryDate, LVRatio, InterestRate, Balance, InsCode, InsurerNum, ReservDateTime) VALUES (1364663, 27, 100000.00, 12345.00, 1, null, null, null, null, 5, N'042-7870885-796', N'2021-08-11 11:06:57.440');
INSERT INTO dbo.Loan (LoanID, LoanTypeID, LoanAmount, AnnualIncome, HouseholdCount, DeliveryDate, LVRatio, InterestRate, Balance, InsCode, InsurerNum, ReservDateTime) VALUES (1364662, 32, 2000.00, 12345.00, 1, null, null, null, null, 5, N'042-7870885-796', N'2021-08-11 10:19:25.903');
INSERT INTO dbo.Loan (LoanID, LoanTypeID, LoanAmount, AnnualIncome, HouseholdCount, DeliveryDate, LVRatio, InterestRate, Balance, InsCode, InsurerNum, ReservDateTime) VALUES (1364661, 27, 100000.00, 12345.00, 1, null, null, null, null, 5, N'042-7870885-796', N'2021-08-11 10:19:25.903');
INSERT INTO dbo.Loan (LoanID, LoanTypeID, LoanAmount, AnnualIncome, HouseholdCount, DeliveryDate, LVRatio, InterestRate, Balance, InsCode, InsurerNum, ReservDateTime) VALUES (1364660, 27, 100000.00, 12345.00, 1, null, null, null, null, 5, N'042-7870885-796', N'2021-08-11 09:12:42.647');
INSERT INTO dbo.Loan (LoanID, LoanTypeID, LoanAmount, AnnualIncome, HouseholdCount, DeliveryDate, LVRatio, InterestRate, Balance, InsCode, InsurerNum, ReservDateTime) VALUES (1364659, 37, 97000.00, 69999.96, 3, null, null, 0.02750, null, 22, N'042-7870885-796', N'2021-08-16 13:43:11.747');
INSERT INTO dbo.Loan (LoanID, LoanTypeID, LoanAmount, AnnualIncome, HouseholdCount, DeliveryDate, LVRatio, InterestRate, Balance, InsCode, InsurerNum, ReservDateTime) VALUES (1364658, 11, 1940.00, 70000.00, 3, null, null, 0.00000, null, 22, N'042-7870885-796', N'2021-08-10 10:41:34.733');
INSERT INTO dbo.Loan (LoanID, LoanTypeID, LoanAmount, AnnualIncome, HouseholdCount, DeliveryDate, LVRatio, InterestRate, Balance, InsCode, InsurerNum, ReservDateTime) VALUES (1364657, 42, 97000.00, 70000.00, 3, null, null, 0.02750, null, 22, N'042-7870885-796', N'2021-08-10 10:41:34.733');
INSERT INTO dbo.Loan (LoanID, LoanTypeID, LoanAmount, AnnualIncome, HouseholdCount, DeliveryDate, LVRatio, InterestRate, Balance, InsCode, InsurerNum, ReservDateTime) VALUES (1364656, 11, 2910.00, 75000.00, 3, null, null, 0.00000, null, 22, N'042-7870885-796', N'2021-08-10 10:10:01.793');
INSERT INTO dbo.Loan (LoanID, LoanTypeID, LoanAmount, AnnualIncome, HouseholdCount, DeliveryDate, LVRatio, InterestRate, Balance, InsCode, InsurerNum, ReservDateTime) VALUES (1364655, 35, 97000.00, 75000.00, 3, null, null, 0.04125, null, 22, N'042-7870885-796', N'2021-08-10 10:10:01.793');
INSERT INTO dbo.Loan (LoanID, LoanTypeID, LoanAmount, AnnualIncome, HouseholdCount, DeliveryDate, LVRatio, InterestRate, Balance, InsCode, InsurerNum, ReservDateTime) VALUES (1364654, 42, 101000.00, 12345.00, 3, null, null, 0.02875, null, 22, N'589695287', N'2021-08-10 09:38:02.650');
INSERT INTO dbo.Loan (LoanID, LoanTypeID, LoanAmount, AnnualIncome, HouseholdCount, DeliveryDate, LVRatio, InterestRate, Balance, InsCode, InsurerNum, ReservDateTime) VALUES (1364653, 11, 1940.00, 75000.00, 3, null, null, 0.00000, null, 5, N'042-7870885-796', N'2021-08-10 09:35:16.663');
INSERT INTO dbo.Loan (LoanID, LoanTypeID, LoanAmount, AnnualIncome, HouseholdCount, DeliveryDate, LVRatio, InterestRate, Balance, InsCode, InsurerNum, ReservDateTime) VALUES (1364652, 43, 97000.00, 75000.00, 3, null, null, 0.03000, null, 5, N'042-7870885-796', N'2021-08-10 09:35:16.663');
INSERT INTO dbo.Loan (LoanID, LoanTypeID, LoanAmount, AnnualIncome, HouseholdCount, DeliveryDate, LVRatio, InterestRate, Balance, InsCode, InsurerNum, ReservDateTime) VALUES (1364651, 11, 2000.00, 12345.00, 3, null, null, 0.00000, null, 5, N'042-7870885-796', N'2021-08-10 09:32:33.290');
INSERT INTO dbo.Loan (LoanID, LoanTypeID, LoanAmount, AnnualIncome, HouseholdCount, DeliveryDate, LVRatio, InterestRate, Balance, InsCode, InsurerNum, ReservDateTime) VALUES (1364650, 37, 98500.00, 12345.00, 3, null, null, 0.03250, null, 5, N'042-7870885-796', N'2021-08-10 09:32:33.290');
INSERT INTO dbo.Loan (LoanID, LoanTypeID, LoanAmount, AnnualIncome, HouseholdCount, DeliveryDate, LVRatio, InterestRate, Balance, InsCode, InsurerNum, ReservDateTime) VALUES (1364649, 11, 2910.00, 72000.00, 3, null, null, 0.00000, null, 22, N'042-7870885-796', N'2021-08-10 09:25:16.913');
INSERT INTO dbo.Loan (LoanID, LoanTypeID, LoanAmount, AnnualIncome, HouseholdCount, DeliveryDate, LVRatio, InterestRate, Balance, InsCode, InsurerNum, ReservDateTime) VALUES (1364648, 35, 97000.00, 72000.00, 3, null, null, 0.03375, null, 22, N'042-7870885-796', N'2021-08-10 09:25:16.913');
INSERT INTO dbo.Loan (LoanID, LoanTypeID, LoanAmount, AnnualIncome, HouseholdCount, DeliveryDate, LVRatio, InterestRate, Balance, InsCode, InsurerNum, ReservDateTime) VALUES (1364647, 32, 3000.00, 72000.00, 3, null, null, 0.01000, null, 22, N'042-7870885-796', N'2021-08-10 09:16:48.473');
INSERT INTO dbo.Loan (LoanID, LoanTypeID, LoanAmount, AnnualIncome, HouseholdCount, DeliveryDate, LVRatio, InterestRate, Balance, InsCode, InsurerNum, ReservDateTime) VALUES (1364646, 29, 97000.00, 72000.00, 3, null, null, 0.02875, null, 22, N'042-7870885-796', N'2021-08-10 09:16:48.473');
INSERT INTO dbo.Loan (LoanID, LoanTypeID, LoanAmount, AnnualIncome, HouseholdCount, DeliveryDate, LVRatio, InterestRate, Balance, InsCode, InsurerNum, ReservDateTime) VALUES (1364645, 32, 5000.00, 12345.00, 7, null, null, 0.01000, null, 22, N'042-7870885-796', N'2021-08-05 10:56:12.707');
INSERT INTO dbo.Loan (LoanID, LoanTypeID, LoanAmount, AnnualIncome, HouseholdCount, DeliveryDate, LVRatio, InterestRate, Balance, InsCode, InsurerNum, ReservDateTime) VALUES (1364644, 11, 14250.00, 12345.00, 7, null, null, 0.00000, null, 22, N'042-7870885-796', N'2021-08-05 10:56:12.707');
INSERT INTO dbo.Loan (LoanID, LoanTypeID, LoanAmount, AnnualIncome, HouseholdCount, DeliveryDate, LVRatio, InterestRate, Balance, InsCode, InsurerNum, ReservDateTime) VALUES (1364643, 35, 475000.00, 12345.00, 7, null, null, 0.03250, null, 22, N'042-7870885-796', N'2021-08-05 10:56:12.707');
INSERT INTO dbo.Loan (LoanID, LoanTypeID, LoanAmount, AnnualIncome, HouseholdCount, DeliveryDate, LVRatio, InterestRate, Balance, InsCode, InsurerNum, ReservDateTime) VALUES (1364642, 32, 7000.00, 95000.00, 5, null, null, null, null, 30, N'042-7870885-796', N'2021-08-04 13:37:29.547');
INSERT INTO dbo.Loan (LoanID, LoanTypeID, LoanAmount, AnnualIncome, HouseholdCount, DeliveryDate, LVRatio, InterestRate, Balance, InsCode, InsurerNum, ReservDateTime) VALUES (1364641, 45, 439393.00, 95000.00, 5, null, null, null, null, 30, N'', N'2021-08-04 13:37:29.547');
INSERT INTO dbo.Loan (LoanID, LoanTypeID, LoanAmount, AnnualIncome, HouseholdCount, DeliveryDate, LVRatio, InterestRate, Balance, InsCode, InsurerNum, ReservDateTime) VALUES (1364640, 32, 7000.00, 74000.00, 5, null, null, null, null, 7, N'042-7870885-796', N'2021-08-04 13:29:00.110');
INSERT INTO dbo.Loan (LoanID, LoanTypeID, LoanAmount, AnnualIncome, HouseholdCount, DeliveryDate, LVRatio, InterestRate, Balance, InsCode, InsurerNum, ReservDateTime) VALUES (1364639, 39, 370000.00, 74000.00, 5, null, null, null, null, 7, N'', N'2021-08-04 13:29:00.110');
INSERT INTO dbo.Loan (LoanID, LoanTypeID, LoanAmount, AnnualIncome, HouseholdCount, DeliveryDate, LVRatio, InterestRate, Balance, InsCode, InsurerNum, ReservDateTime) VALUES (1364638, 11, 5557.00, 77000.00, 5, null, null, null, null, 5, N'042-7870885-796', N'2021-08-04 11:51:36.287');
INSERT INTO dbo.Loan (LoanID, LoanTypeID, LoanAmount, AnnualIncome, HouseholdCount, DeliveryDate, LVRatio, InterestRate, Balance, InsCode, InsurerNum, ReservDateTime) VALUES (1364637, 43, 277874.00, 77000.00, 5, null, null, null, null, 5, N'049-1638257-703', N'2021-08-04 11:51:36.287');
INSERT INTO dbo.Loan (LoanID, LoanTypeID, LoanAmount, AnnualIncome, HouseholdCount, DeliveryDate, LVRatio, InterestRate, Balance, InsCode, InsurerNum, ReservDateTime) VALUES (1364636, 32, 13500.00, 248000.00, 4, null, null, null, null, 7, N'042-7870885-796', N'2021-05-14 15:38:33.000');
INSERT INTO dbo.Loan (LoanID, LoanTypeID, LoanAmount, AnnualIncome, HouseholdCount, DeliveryDate, LVRatio, InterestRate, Balance, InsCode, InsurerNum, ReservDateTime) VALUES (1364635, 32, 11000.00, 12345.00, 3, null, null, null, null, 5, N'042-7870885-796', N'2021-08-03 13:29:11.000');
INSERT INTO dbo.Loan (LoanID, LoanTypeID, LoanAmount, AnnualIncome, HouseholdCount, DeliveryDate, LVRatio, InterestRate, Balance, InsCode, InsurerNum, ReservDateTime) VALUES (1364634, 27, 478000.00, 12345.00, 3, null, null, null, null, 5, N'042-7870885-796', N'2021-08-03 13:29:11.000');
INSERT INTO dbo.Loan (LoanID, LoanTypeID, LoanAmount, AnnualIncome, HouseholdCount, DeliveryDate, LVRatio, InterestRate, Balance, InsCode, InsurerNum, ReservDateTime) VALUES (1364633, 32, 500.00, 12345.00, 6, null, null, 0.01000, null, 5, N'042-7870885-796', N'2021-08-03 12:38:20.000');
INSERT INTO dbo.Loan (LoanID, LoanTypeID, LoanAmount, AnnualIncome, HouseholdCount, DeliveryDate, LVRatio, InterestRate, Balance, InsCode, InsurerNum, ReservDateTime) VALUES (1364632, 27, 525000.00, 12345.00, 6, null, null, 0.04625, null, 5, N'042-7870885-796', N'2021-08-03 12:38:20.000');
INSERT INTO dbo.Loan (LoanID, LoanTypeID, LoanAmount, AnnualIncome, HouseholdCount, DeliveryDate, LVRatio, InterestRate, Balance, InsCode, InsurerNum, ReservDateTime) VALUES (1364631, 32, 10000.00, 12345.00, 5, null, null, null, null, 22, N'042-7870885-796', N'2021-08-03 12:04:05.127');
INSERT INTO dbo.Loan (LoanID, LoanTypeID, LoanAmount, AnnualIncome, HouseholdCount, DeliveryDate, LVRatio, InterestRate, Balance, InsCode, InsurerNum, ReservDateTime) VALUES (1364630, 29, 528650.00, 12345.00, 5, null, null, null, null, 22, N'042-7870885-796', N'2021-08-03 12:04:05.127');
INSERT INTO dbo.Loan (LoanID, LoanTypeID, LoanAmount, AnnualIncome, HouseholdCount, DeliveryDate, LVRatio, InterestRate, Balance, InsCode, InsurerNum, ReservDateTime) VALUES (1364629, 32, 14875.00, 12345.00, 4, null, null, null, null, 5, N'042-7870885-796', N'2021-08-02 17:38:20.750');
INSERT INTO dbo.Loan (LoanID, LoanTypeID, LoanAmount, AnnualIncome, HouseholdCount, DeliveryDate, LVRatio, InterestRate, Balance, InsCode, InsurerNum, ReservDateTime) VALUES (1364628, 11, 8000.00, 12345.00, 4, null, null, null, null, 5, N'042-7870885-796', N'2021-08-02 17:38:20.750');
INSERT INTO dbo.Loan (LoanID, LoanTypeID, LoanAmount, AnnualIncome, HouseholdCount, DeliveryDate, LVRatio, InterestRate, Balance, InsCode, InsurerNum, ReservDateTime) VALUES (1364627, 43, 400000.00, 12345.00, 4, null, null, null, null, 5, N'042-7870885-796', N'2021-08-02 17:38:20.750');
INSERT INTO dbo.Loan (LoanID, LoanTypeID, LoanAmount, AnnualIncome, HouseholdCount, DeliveryDate, LVRatio, InterestRate, Balance, InsCode, InsurerNum, ReservDateTime) VALUES (1364626, 32, 15000.00, 12345.00, 4, null, null, null, null, 22, N'042-7870885-796', N'2021-08-02 15:42:11.000');
INSERT INTO dbo.Loan (LoanID, LoanTypeID, LoanAmount, AnnualIncome, HouseholdCount, DeliveryDate, LVRatio, InterestRate, Balance, InsCode, InsurerNum, ReservDateTime) VALUES (1364625, 11, 15750.00, 12345.00, 4, null, null, null, null, 22, N'042-7870885-796', N'2021-08-02 15:42:11.000');
INSERT INTO dbo.Loan (LoanID, LoanTypeID, LoanAmount, AnnualIncome, HouseholdCount, DeliveryDate, LVRatio, InterestRate, Balance, InsCode, InsurerNum, ReservDateTime) VALUES (1364624, 35, 525000.00, 12345.00, 4, null, null, null, null, 22, N'042-7870885-796', N'2021-08-02 15:42:11.000');
INSERT INTO dbo.Loan (LoanID, LoanTypeID, LoanAmount, AnnualIncome, HouseholdCount, DeliveryDate, LVRatio, InterestRate, Balance, InsCode, InsurerNum, ReservDateTime) VALUES (1364623, 32, 15000.00, 12345.00, 5, null, null, null, null, 22, N'042-7870885-796', N'2021-08-02 14:13:23.000');
INSERT INTO dbo.Loan (LoanID, LoanTypeID, LoanAmount, AnnualIncome, HouseholdCount, DeliveryDate, LVRatio, InterestRate, Balance, InsCode, InsurerNum, ReservDateTime) VALUES (1364622, 29, 525000.00, 12345.00, 5, null, null, null, null, 22, N'042-7870885-796', N'2021-08-02 14:13:23.000');
INSERT INTO dbo.Loan (LoanID, LoanTypeID, LoanAmount, AnnualIncome, HouseholdCount, DeliveryDate, LVRatio, InterestRate, Balance, InsCode, InsurerNum, ReservDateTime) VALUES (1364621, 32, 3500.00, 12345.00, 4, null, null, 0.01000, null, 22, N'042-7870885-796', N'2021-08-01 18:35:57.493');
INSERT INTO dbo.Loan (LoanID, LoanTypeID, LoanAmount, AnnualIncome, HouseholdCount, DeliveryDate, LVRatio, InterestRate, Balance, InsCode, InsurerNum, ReservDateTime) VALUES (1364620, 29, 100000.00, 12345.00, 4, null, null, 0.02750, null, 22, N'042-7870885-796', N'2021-08-01 18:35:57.493');
INSERT INTO dbo.Loan (LoanID, LoanTypeID, LoanAmount, AnnualIncome, HouseholdCount, DeliveryDate, LVRatio, InterestRate, Balance, InsCode, InsurerNum, ReservDateTime) VALUES (1364619, 32, 16499.00, 12345.00, 4, null, null, 0.01000, null, 22, N'042-7870885-796', N'2021-07-30 16:07:15.000');
INSERT INTO dbo.Loan (LoanID, LoanTypeID, LoanAmount, AnnualIncome, HouseholdCount, DeliveryDate, LVRatio, InterestRate, Balance, InsCode, InsurerNum, ReservDateTime) VALUES (1364618, 11, 10500.00, 12345.00, 4, null, null, 0.00000, null, 22, N'042-7870885-796', N'2021-07-30 16:07:15.000');
INSERT INTO dbo.Loan (LoanID, LoanTypeID, LoanAmount, AnnualIncome, HouseholdCount, DeliveryDate, LVRatio, InterestRate, Balance, InsCode, InsurerNum, ReservDateTime) VALUES (1364617, 42, 525000.00, 12345.00, 4, null, null, 0.02625, null, 22, N'042-7870885-796', N'2021-07-30 16:07:15.000');
INSERT INTO dbo.Loan (LoanID, LoanTypeID, LoanAmount, AnnualIncome, HouseholdCount, DeliveryDate, LVRatio, InterestRate, Balance, InsCode, InsurerNum, ReservDateTime) VALUES (1364616, 32, 13499.00, 12345.00, 4, null, null, 0.01000, null, 7, N'042-7870885-796', N'2021-07-30 15:10:05.000');
INSERT INTO dbo.Loan (LoanID, LoanTypeID, LoanAmount, AnnualIncome, HouseholdCount, DeliveryDate, LVRatio, InterestRate, Balance, InsCode, InsurerNum, ReservDateTime) VALUES (1364615, 39, 429000.00, 12345.00, 4, null, null, 0.04625, null, 7, N'042-7870885-796', N'2021-07-30 15:10:05.000');
INSERT INTO dbo.Loan (LoanID, LoanTypeID, LoanAmount, AnnualIncome, HouseholdCount, DeliveryDate, LVRatio, InterestRate, Balance, InsCode, InsurerNum, ReservDateTime) VALUES (1364614, 32, 10000.00, 12345.00, 5, null, null, 0.01000, null, 30, N'042-7870885-796', N'2021-07-30 14:46:25.000');
INSERT INTO dbo.Loan (LoanID, LoanTypeID, LoanAmount, AnnualIncome, HouseholdCount, DeliveryDate, LVRatio, InterestRate, Balance, InsCode, InsurerNum, ReservDateTime) VALUES (1364613, 45, 350500.00, 12345.00, 5, null, null, 0.04625, null, 30, N'042-7870885-796', N'2021-07-30 14:46:25.000');
INSERT INTO dbo.Loan (LoanID, LoanTypeID, LoanAmount, AnnualIncome, HouseholdCount, DeliveryDate, LVRatio, InterestRate, Balance, InsCode, InsurerNum, ReservDateTime) VALUES (1364612, 32, 17500.00, 12345.00, 6, null, null, null, null, 5, N'042-7870885-796', N'2021-07-30 13:40:38.000');
INSERT INTO dbo.Loan (LoanID, LoanTypeID, LoanAmount, AnnualIncome, HouseholdCount, DeliveryDate, LVRatio, InterestRate, Balance, InsCode, InsurerNum, ReservDateTime) VALUES (1364611, 27, 478000.00, 12345.00, 6, null, null, null, null, 5, N'042-7870885-796', N'2021-07-30 13:40:38.000');
INSERT INTO dbo.Loan (LoanID, LoanTypeID, LoanAmount, AnnualIncome, HouseholdCount, DeliveryDate, LVRatio, InterestRate, Balance, InsCode, InsurerNum, ReservDateTime) VALUES (1364610, 32, 16625.00, 12345.00, 6, null, null, null, null, 5, N'042-7870885-796', N'2021-07-29 18:33:04.000');
INSERT INTO dbo.Loan (LoanID, LoanTypeID, LoanAmount, AnnualIncome, HouseholdCount, DeliveryDate, LVRatio, InterestRate, Balance, InsCode, InsurerNum, ReservDateTime) VALUES (1364609, 11, 13500.00, 12345.00, 6, null, null, null, null, 5, N'042-7870885-796', N'2021-07-29 18:33:04.000');
INSERT INTO dbo.Loan (LoanID, LoanTypeID, LoanAmount, AnnualIncome, HouseholdCount, DeliveryDate, LVRatio, InterestRate, Balance, InsCode, InsurerNum, ReservDateTime) VALUES (1364608, 37, 450000.00, 12345.00, 6, null, null, null, null, 5, N'042-7870885-796', N'2021-07-29 18:33:04.000');
INSERT INTO dbo.Loan (LoanID, LoanTypeID, LoanAmount, AnnualIncome, HouseholdCount, DeliveryDate, LVRatio, InterestRate, Balance, InsCode, InsurerNum, ReservDateTime) VALUES (1364607, 32, 15000.00, 12345.00, 4, null, null, null, null, 5, N'042-7870885-796', N'2021-07-29 17:30:36.000');
INSERT INTO dbo.Loan (LoanID, LoanTypeID, LoanAmount, AnnualIncome, HouseholdCount, DeliveryDate, LVRatio, InterestRate, Balance, InsCode, InsurerNum, ReservDateTime) VALUES (1364606, 27, 525000.00, 12345.00, 4, null, null, null, null, 5, N'042-7870885-796', N'2021-07-29 17:30:36.000');
INSERT INTO dbo.Loan (LoanID, LoanTypeID, LoanAmount, AnnualIncome, HouseholdCount, DeliveryDate, LVRatio, InterestRate, Balance, InsCode, InsurerNum, ReservDateTime) VALUES (1364605, 32, 7000.00, 80000.00, 5, null, null, null, null, 22, N'042-7870885-796', N'2021-07-29 13:42:11.227');
INSERT INTO dbo.Loan (LoanID, LoanTypeID, LoanAmount, AnnualIncome, HouseholdCount, DeliveryDate, LVRatio, InterestRate, Balance, InsCode, InsurerNum, ReservDateTime) VALUES (1364604, 11, 7372.00, 80000.00, 5, null, null, null, null, 22, N'042-7870885-796', N'2021-07-29 13:42:11.227');
INSERT INTO dbo.Loan (LoanID, LoanTypeID, LoanAmount, AnnualIncome, HouseholdCount, DeliveryDate, LVRatio, InterestRate, Balance, InsCode, InsurerNum, ReservDateTime) VALUES (1364603, 42, 368600.00, 80000.00, 5, null, null, null, null, 22, N'042-7870885-796', N'2021-07-29 13:42:11.227');
INSERT INTO dbo.Loan (LoanID, LoanTypeID, LoanAmount, AnnualIncome, HouseholdCount, DeliveryDate, LVRatio, InterestRate, Balance, InsCode, InsurerNum, ReservDateTime) VALUES (1364602, 32, 2000.00, 12345.00, 1, null, null, null, null, 5, N'042-7870885-796', N'2021-07-29 08:05:22.217');
INSERT INTO dbo.Loan (LoanID, LoanTypeID, LoanAmount, AnnualIncome, HouseholdCount, DeliveryDate, LVRatio, InterestRate, Balance, InsCode, InsurerNum, ReservDateTime) VALUES (1364601, 27, 100000.00, 12345.00, 1, null, null, null, null, 5, N'042-7870885-796', N'2021-07-29 08:05:22.217');
INSERT INTO dbo.Loan (LoanID, LoanTypeID, LoanAmount, AnnualIncome, HouseholdCount, DeliveryDate, LVRatio, InterestRate, Balance, InsCode, InsurerNum, ReservDateTime) VALUES (1364600, 32, 3000.00, 12345.00, 4, null, null, null, null, 5, N'042-7870885-796', N'2021-07-28 11:54:08.587');
INSERT INTO dbo.Loan (LoanID, LoanTypeID, LoanAmount, AnnualIncome, HouseholdCount, DeliveryDate, LVRatio, InterestRate, Balance, InsCode, InsurerNum, ReservDateTime) VALUES (1364599, 27, 100000.00, 12345.00, 4, null, null, null, null, 5, N'042-7870885-796', N'2021-07-28 11:54:08.587');
INSERT INTO dbo.Loan (LoanID, LoanTypeID, LoanAmount, AnnualIncome, HouseholdCount, DeliveryDate, LVRatio, InterestRate, Balance, InsCode, InsurerNum, ReservDateTime) VALUES (1364598, 32, 7000.00, 105000.00, 4, null, null, null, null, 5, N'042-7870885-796', N'2021-07-28 11:31:20.663');
INSERT INTO dbo.Loan (LoanID, LoanTypeID, LoanAmount, AnnualIncome, HouseholdCount, DeliveryDate, LVRatio, InterestRate, Balance, InsCode, InsurerNum, ReservDateTime) VALUES (1364597, 11, 8228.00, 105000.00, 4, null, null, null, null, 5, N'042-7870885-796', N'2021-07-28 11:31:20.663');
INSERT INTO dbo.Loan (LoanID, LoanTypeID, LoanAmount, AnnualIncome, HouseholdCount, DeliveryDate, LVRatio, InterestRate, Balance, InsCode, InsurerNum, ReservDateTime) VALUES (1364596, 43, 411410.00, 105000.00, 4, null, null, null, null, 5, N'197-1771267-703', N'2021-07-28 11:31:20.663');
INSERT INTO dbo.Loan (LoanID, LoanTypeID, LoanAmount, AnnualIncome, HouseholdCount, DeliveryDate, LVRatio, InterestRate, Balance, InsCode, InsurerNum, ReservDateTime) VALUES (1364595, 32, 7000.00, 72000.00, 4, null, null, null, null, 22, N'042-7870885-796', N'2021-07-28 11:06:04.050');
INSERT INTO dbo.Loan (LoanID, LoanTypeID, LoanAmount, AnnualIncome, HouseholdCount, DeliveryDate, LVRatio, InterestRate, Balance, InsCode, InsurerNum, ReservDateTime) VALUES (1364594, 11, 7275.00, 72000.00, 4, null, null, null, null, 22, N'042-7870885-796', N'2021-07-28 11:06:04.050');
INSERT INTO dbo.Loan (LoanID, LoanTypeID, LoanAmount, AnnualIncome, HouseholdCount, DeliveryDate, LVRatio, InterestRate, Balance, InsCode, InsurerNum, ReservDateTime) VALUES (1364593, 42, 363750.00, 72000.00, 4, null, null, null, null, 22, N'042-7870885-796', N'2021-07-28 11:06:04.050');
INSERT INTO dbo.Loan (LoanID, LoanTypeID, LoanAmount, AnnualIncome, HouseholdCount, DeliveryDate, LVRatio, InterestRate, Balance, InsCode, InsurerNum, ReservDateTime) VALUES (1364592, 32, 3000.00, 12345.00, 4, null, null, null, null, 5, N'042-7870885-796', N'2021-07-26 14:39:58.100');
INSERT INTO dbo.Loan (LoanID, LoanTypeID, LoanAmount, AnnualIncome, HouseholdCount, DeliveryDate, LVRatio, InterestRate, Balance, InsCode, InsurerNum, ReservDateTime) VALUES (1364591, 27, 100000.00, 12345.00, 4, null, null, null, null, 5, N'042-7870885-796', N'2021-07-26 14:39:58.100');
INSERT INTO dbo.Loan (LoanID, LoanTypeID, LoanAmount, AnnualIncome, HouseholdCount, DeliveryDate, LVRatio, InterestRate, Balance, InsCode, InsurerNum, ReservDateTime) VALUES (1364590, 44, 100000.00, 12345.00, 5, null, null, null, null, 22, N'042-7870885-796', N'2021-07-25 12:10:17.960');
INSERT INTO dbo.Loan (LoanID, LoanTypeID, LoanAmount, AnnualIncome, HouseholdCount, DeliveryDate, LVRatio, InterestRate, Balance, InsCode, InsurerNum, ReservDateTime) VALUES (1364589, 32, 3000.00, 12345.00, 4, null, null, null, null, 5, N'042-7870885-796', N'2021-07-22 15:02:31.793');
INSERT INTO dbo.Loan (LoanID, LoanTypeID, LoanAmount, AnnualIncome, HouseholdCount, DeliveryDate, LVRatio, InterestRate, Balance, InsCode, InsurerNum, ReservDateTime) VALUES (1364588, 11, 3000.00, 12345.00, 4, null, null, null, null, 5, N'042-7870885-796', N'2021-07-22 15:02:31.793');
INSERT INTO dbo.Loan (LoanID, LoanTypeID, LoanAmount, AnnualIncome, HouseholdCount, DeliveryDate, LVRatio, InterestRate, Balance, InsCode, InsurerNum, ReservDateTime) VALUES (1364587, 37, 100000.00, 12345.00, 4, null, null, null, null, 5, N'042-7870885-796', N'2021-07-22 15:02:31.793');
INSERT INTO dbo.Loan (LoanID, LoanTypeID, LoanAmount, AnnualIncome, HouseholdCount, DeliveryDate, LVRatio, InterestRate, Balance, InsCode, InsurerNum, ReservDateTime) VALUES (1364586, 32, 3000.00, 12345.00, 5, null, null, 0.01000, null, 5, N'042-7870885-796', N'2021-07-22 14:52:53.420');
INSERT INTO dbo.Loan (LoanID, LoanTypeID, LoanAmount, AnnualIncome, HouseholdCount, DeliveryDate, LVRatio, InterestRate, Balance, InsCode, InsurerNum, ReservDateTime) VALUES (1364585, 11, 2000.00, 12345.00, 5, null, null, 0.00000, null, 5, N'042-7870885-796', N'2021-07-22 14:52:53.420');
INSERT INTO dbo.Loan (LoanID, LoanTypeID, LoanAmount, AnnualIncome, HouseholdCount, DeliveryDate, LVRatio, InterestRate, Balance, InsCode, InsurerNum, ReservDateTime) VALUES (1364584, 43, 100000.00, 12345.00, 5, null, null, 0.02250, null, 5, N'042-7870885-796', N'2021-07-22 14:52:53.420');
INSERT INTO dbo.Loan (LoanID, LoanTypeID, LoanAmount, AnnualIncome, HouseholdCount, DeliveryDate, LVRatio, InterestRate, Balance, InsCode, InsurerNum, ReservDateTime) VALUES (1364583, 27, 200000.00, 10000.00, 1, null, null, null, null, 5, N'1234', N'2021-07-22 12:47:26.560');
INSERT INTO dbo.Loan (LoanID, LoanTypeID, LoanAmount, AnnualIncome, HouseholdCount, DeliveryDate, LVRatio, InterestRate, Balance, InsCode, InsurerNum, ReservDateTime) VALUES (1364582, 32, 7255.00, 12345.00, 5, null, null, null, null, 30, N'042-7870885-796', N'2021-07-22 10:43:09.000');
INSERT INTO dbo.Loan (LoanID, LoanTypeID, LoanAmount, AnnualIncome, HouseholdCount, DeliveryDate, LVRatio, InterestRate, Balance, InsCode, InsurerNum, ReservDateTime) VALUES (1364581, 45, 351500.00, 12345.00, 5, null, null, null, null, 30, N'042-7870885-796', N'2021-07-22 10:43:09.000');
INSERT INTO dbo.Loan (LoanID, LoanTypeID, LoanAmount, AnnualIncome, HouseholdCount, DeliveryDate, LVRatio, InterestRate, Balance, InsCode, InsurerNum, ReservDateTime) VALUES (1364580, 32, 11000.00, 12345.00, 5, null, null, null, null, 22, N'042-7870885-796', N'2021-07-22 10:40:26.000');
INSERT INTO dbo.Loan (LoanID, LoanTypeID, LoanAmount, AnnualIncome, HouseholdCount, DeliveryDate, LVRatio, InterestRate, Balance, InsCode, InsurerNum, ReservDateTime) VALUES (1364579, 11, 10500.00, 12345.00, 5, null, null, null, null, 22, N'042-7870885-796', N'2021-07-22 10:40:26.000');
INSERT INTO dbo.Loan (LoanID, LoanTypeID, LoanAmount, AnnualIncome, HouseholdCount, DeliveryDate, LVRatio, InterestRate, Balance, InsCode, InsurerNum, ReservDateTime) VALUES (1364578, 42, 525000.00, 12345.00, 5, null, null, null, null, 22, N'042-7870885-796', N'2021-07-22 10:40:26.000');
INSERT INTO dbo.Loan (LoanID, LoanTypeID, LoanAmount, AnnualIncome, HouseholdCount, DeliveryDate, LVRatio, InterestRate, Balance, InsCode, InsurerNum, ReservDateTime) VALUES (1364577, 32, 11000.00, 12345.00, 5, null, null, null, null, 5, N'042-7870885-796', N'2021-07-22 10:34:32.310');
INSERT INTO dbo.Loan (LoanID, LoanTypeID, LoanAmount, AnnualIncome, HouseholdCount, DeliveryDate, LVRatio, InterestRate, Balance, InsCode, InsurerNum, ReservDateTime) VALUES (1364576, 27, 525000.00, 12345.00, 5, null, null, null, null, 5, N'042-7870885-796', N'2021-07-22 10:34:32.310');
INSERT INTO dbo.Loan (LoanID, LoanTypeID, LoanAmount, AnnualIncome, HouseholdCount, DeliveryDate, LVRatio, InterestRate, Balance, InsCode, InsurerNum, ReservDateTime) VALUES (1364575, 32, 2000.00, 12345.00, 1, null, null, null, null, 5, N'042-7870885-796', N'2021-07-22 10:05:25.307');
INSERT INTO dbo.Loan (LoanID, LoanTypeID, LoanAmount, AnnualIncome, HouseholdCount, DeliveryDate, LVRatio, InterestRate, Balance, InsCode, InsurerNum, ReservDateTime) VALUES (1364574, 27, 100000.00, 12345.00, 1, null, null, null, null, 5, N'042-7870885-796', N'2021-07-22 10:05:25.307');
INSERT INTO dbo.Loan (LoanID, LoanTypeID, LoanAmount, AnnualIncome, HouseholdCount, DeliveryDate, LVRatio, InterestRate, Balance, InsCode, InsurerNum, ReservDateTime) VALUES (1364573, 32, 17500.00, 12345.00, 2, null, null, null, null, 5, N'042-7870885-796', N'2021-07-19 16:11:02.000');
INSERT INTO dbo.Loan (LoanID, LoanTypeID, LoanAmount, AnnualIncome, HouseholdCount, DeliveryDate, LVRatio, InterestRate, Balance, InsCode, InsurerNum, ReservDateTime) VALUES (1364572, 11, 14250.00, 12345.00, 2, null, null, null, null, 5, N'042-7870885-796', N'2021-07-19 16:11:02.000');
INSERT INTO dbo.Loan (LoanID, LoanTypeID, LoanAmount, AnnualIncome, HouseholdCount, DeliveryDate, LVRatio, InterestRate, Balance, InsCode, InsurerNum, ReservDateTime) VALUES (1364571, 37, 475000.00, 12345.00, 2, null, null, null, null, 5, N'042-7870885-796', N'2021-07-19 16:11:02.000');
INSERT INTO dbo.Loan (LoanID, LoanTypeID, LoanAmount, AnnualIncome, HouseholdCount, DeliveryDate, LVRatio, InterestRate, Balance, InsCode, InsurerNum, ReservDateTime) VALUES (1364570, 32, 11000.00, 12345.00, 4, null, null, null, null, 5, N'042-7870885-796', N'2021-07-19 16:08:46.757');
INSERT INTO dbo.Loan (LoanID, LoanTypeID, LoanAmount, AnnualIncome, HouseholdCount, DeliveryDate, LVRatio, InterestRate, Balance, InsCode, InsurerNum, ReservDateTime) VALUES (1364569, 11, 15000.00, 12345.00, 4, null, null, null, null, 5, N'042-7870885-796', N'2021-07-19 16:08:46.757');
INSERT INTO dbo.Loan (LoanID, LoanTypeID, LoanAmount, AnnualIncome, HouseholdCount, DeliveryDate, LVRatio, InterestRate, Balance, InsCode, InsurerNum, ReservDateTime) VALUES (1364568, 37, 500000.00, 12345.00, 4, null, null, null, null, 5, N'042-7870885-796', N'2021-07-19 16:08:46.757');
INSERT INTO dbo.Loan (LoanID, LoanTypeID, LoanAmount, AnnualIncome, HouseholdCount, DeliveryDate, LVRatio, InterestRate, Balance, InsCode, InsurerNum, ReservDateTime) VALUES (1364567, 32, 11000.00, 12345.00, 4, null, null, null, null, 5, N'042-7870885-796', N'2021-07-19 15:50:02.943');
INSERT INTO dbo.Loan (LoanID, LoanTypeID, LoanAmount, AnnualIncome, HouseholdCount, DeliveryDate, LVRatio, InterestRate, Balance, InsCode, InsurerNum, ReservDateTime) VALUES (1364566, 27, 500000.00, 12345.00, 4, null, null, null, null, 5, N'042-7870885-796', N'2021-07-19 15:50:02.943');
INSERT INTO dbo.Loan (LoanID, LoanTypeID, LoanAmount, AnnualIncome, HouseholdCount, DeliveryDate, LVRatio, InterestRate, Balance, InsCode, InsurerNum, ReservDateTime) VALUES (1364565, 32, 16000.00, 12345.00, 5, null, null, null, null, 5, N'042-7870885-796', N'2021-07-19 15:44:25.393');
INSERT INTO dbo.Loan (LoanID, LoanTypeID, LoanAmount, AnnualIncome, HouseholdCount, DeliveryDate, LVRatio, InterestRate, Balance, InsCode, InsurerNum, ReservDateTime) VALUES (1364564, 27, 500000.00, 12345.00, 5, null, null, null, null, 5, N'042-7870885-796', N'2021-07-19 15:44:25.393');
INSERT INTO dbo.Loan (LoanID, LoanTypeID, LoanAmount, AnnualIncome, HouseholdCount, DeliveryDate, LVRatio, InterestRate, Balance, InsCode, InsurerNum, ReservDateTime) VALUES (1364563, 32, 21000.00, 12345.00, 4, null, null, null, null, 5, N'042-7870885-796', N'2021-07-19 14:50:11.000');
INSERT INTO dbo.Loan (LoanID, LoanTypeID, LoanAmount, AnnualIncome, HouseholdCount, DeliveryDate, LVRatio, InterestRate, Balance, InsCode, InsurerNum, ReservDateTime) VALUES (1364562, 27, 575000.00, 12345.00, 4, null, null, null, null, 5, N'042-7870885-796', N'2021-07-19 14:50:11.000');
INSERT INTO dbo.Loan (LoanID, LoanTypeID, LoanAmount, AnnualIncome, HouseholdCount, DeliveryDate, LVRatio, InterestRate, Balance, InsCode, InsurerNum, ReservDateTime) VALUES (1364561, 32, 19350.00, 12345.00, 5, null, null, null, null, 7, N'042-7870885-796', N'2021-07-19 14:30:51.153');
INSERT INTO dbo.Loan (LoanID, LoanTypeID, LoanAmount, AnnualIncome, HouseholdCount, DeliveryDate, LVRatio, InterestRate, Balance, InsCode, InsurerNum, ReservDateTime) VALUES (1364560, 39, 600000.00, 12345.00, 5, null, null, null, null, 7, N'042-7870885-796', N'2021-07-19 14:30:51.153');
INSERT INTO dbo.Loan (LoanID, LoanTypeID, LoanAmount, AnnualIncome, HouseholdCount, DeliveryDate, LVRatio, InterestRate, Balance, InsCode, InsurerNum, ReservDateTime) VALUES (1364559, 32, 3000.00, 12345.00, 5, null, null, null, null, 30, N'042-7870885-796', N'2021-07-19 14:21:44.000');
INSERT INTO dbo.Loan (LoanID, LoanTypeID, LoanAmount, AnnualIncome, HouseholdCount, DeliveryDate, LVRatio, InterestRate, Balance, InsCode, InsurerNum, ReservDateTime) VALUES (1364558, 45, 102000.00, 12345.00, 5, null, null, null, null, 30, N'042-7870885-796', N'2021-07-19 14:21:44.000');
INSERT INTO dbo.Loan (LoanID, LoanTypeID, LoanAmount, AnnualIncome, HouseholdCount, DeliveryDate, LVRatio, InterestRate, Balance, InsCode, InsurerNum, ReservDateTime) VALUES (1364557, 39, 100000.00, 92345.00, 4, null, null, null, null, 7, N'345345', N'2021-07-19 12:14:56.667');
INSERT INTO dbo.Loan (LoanID, LoanTypeID, LoanAmount, AnnualIncome, HouseholdCount, DeliveryDate, LVRatio, InterestRate, Balance, InsCode, InsurerNum, ReservDateTime) VALUES (1364556, 32, 3000.00, 12345.00, 4, null, null, null, null, 7, N'042-7870885', N'2021-07-16 16:02:12.117');
INSERT INTO dbo.Loan (LoanID, LoanTypeID, LoanAmount, AnnualIncome, HouseholdCount, DeliveryDate, LVRatio, InterestRate, Balance, InsCode, InsurerNum, ReservDateTime) VALUES (1364555, 39, 100000.00, 12345.00, 4, null, null, null, null, 7, N'042-7870885', N'2021-07-16 16:02:12.117');
INSERT INTO dbo.Loan (LoanID, LoanTypeID, LoanAmount, AnnualIncome, HouseholdCount, DeliveryDate, LVRatio, InterestRate, Balance, InsCode, InsurerNum, ReservDateTime) VALUES (1364554, 32, 2000.00, 12345.00, 4, null, null, null, null, 5, N'042-7870885-796', N'2021-07-16 15:35:05.707');
INSERT INTO dbo.Loan (LoanID, LoanTypeID, LoanAmount, AnnualIncome, HouseholdCount, DeliveryDate, LVRatio, InterestRate, Balance, InsCode, InsurerNum, ReservDateTime) VALUES (1364553, 11, 2000.00, 12345.00, 4, null, null, null, null, 5, N'042-7870885-796', N'2021-07-16 15:35:05.707');
INSERT INTO dbo.Loan (LoanID, LoanTypeID, LoanAmount, AnnualIncome, HouseholdCount, DeliveryDate, LVRatio, InterestRate, Balance, InsCode, InsurerNum, ReservDateTime) VALUES (1364552, 43, 100000.00, 12345.00, 4, null, null, null, null, 5, N'042-7870885-796', N'2021-07-16 15:35:05.707');
INSERT INTO dbo.Loan (LoanID, LoanTypeID, LoanAmount, AnnualIncome, HouseholdCount, DeliveryDate, LVRatio, InterestRate, Balance, InsCode, InsurerNum, ReservDateTime) VALUES (1364551, 32, 2000.00, 92345.00, 5, null, null, null, null, 5, N'', N'2021-07-12 14:19:45.703');
INSERT INTO dbo.Loan (LoanID, LoanTypeID, LoanAmount, AnnualIncome, HouseholdCount, DeliveryDate, LVRatio, InterestRate, Balance, InsCode, InsurerNum, ReservDateTime) VALUES (1364550, 11, 2000.00, 92345.00, 5, null, null, null, null, 5, N'', N'2021-07-12 14:19:45.703');
INSERT INTO dbo.Loan (LoanID, LoanTypeID, LoanAmount, AnnualIncome, HouseholdCount, DeliveryDate, LVRatio, InterestRate, Balance, InsCode, InsurerNum, ReservDateTime) VALUES (1364549, 43, 100000.00, 92345.00, 5, null, null, null, null, 5, N'', N'2021-07-12 14:19:45.703');
INSERT INTO dbo.Loan (LoanID, LoanTypeID, LoanAmount, AnnualIncome, HouseholdCount, DeliveryDate, LVRatio, InterestRate, Balance, InsCode, InsurerNum, ReservDateTime) VALUES (1364548, 32, 2000.00, 12345.00, 5, null, null, 0.01000, null, 22, N'042-7870885-796', N'2021-07-12 13:33:56.447');
INSERT INTO dbo.Loan (LoanID, LoanTypeID, LoanAmount, AnnualIncome, HouseholdCount, DeliveryDate, LVRatio, InterestRate, Balance, InsCode, InsurerNum, ReservDateTime) VALUES (1364547, 11, 3300.00, 12345.00, 5, null, null, 0.00000, null, 22, N'042-7870885-796', N'2021-07-12 13:33:56.447');
INSERT INTO dbo.Loan (LoanID, LoanTypeID, LoanAmount, AnnualIncome, HouseholdCount, DeliveryDate, LVRatio, InterestRate, Balance, InsCode, InsurerNum, ReservDateTime) VALUES (1364546, 35, 110000.00, 12345.00, 5, null, null, 0.03875, null, 22, N'042-7870885-796', N'2021-07-12 13:33:56.447');
INSERT INTO dbo.Loan (LoanID, LoanTypeID, LoanAmount, AnnualIncome, HouseholdCount, DeliveryDate, LVRatio, InterestRate, Balance, InsCode, InsurerNum, ReservDateTime) VALUES (1364545, 32, 2000.00, 12345.00, 1, null, null, null, null, 5, N'042-7870885-796', N'2021-07-07 08:48:08.617');
INSERT INTO dbo.Loan (LoanID, LoanTypeID, LoanAmount, AnnualIncome, HouseholdCount, DeliveryDate, LVRatio, InterestRate, Balance, InsCode, InsurerNum, ReservDateTime) VALUES (1364544, 27, 100000.00, 12345.00, 1, null, null, null, null, 5, N'042-7870885-796', N'2021-07-07 08:48:08.617');
INSERT INTO dbo.Loan (LoanID, LoanTypeID, LoanAmount, AnnualIncome, HouseholdCount, DeliveryDate, LVRatio, InterestRate, Balance, InsCode, InsurerNum, ReservDateTime) VALUES (1364543, 32, 2000.00, 10000.00, 1, null, null, null, null, 5, null, N'2021-07-02 13:31:40.000');
INSERT INTO dbo.Loan (LoanID, LoanTypeID, LoanAmount, AnnualIncome, HouseholdCount, DeliveryDate, LVRatio, InterestRate, Balance, InsCode, InsurerNum, ReservDateTime) VALUES (1364542, 27, 206196.00, 10000.00, 1, null, null, null, null, 5, N'', N'2021-07-02 13:31:40.000');
INSERT INTO dbo.Loan (LoanID, LoanTypeID, LoanAmount, AnnualIncome, HouseholdCount, DeliveryDate, LVRatio, InterestRate, Balance, InsCode, InsurerNum, ReservDateTime) VALUES (1364541, 27, 101791.00, 10000.00, 1, null, null, null, null, 5, null, N'2021-07-02 12:32:04.000');
INSERT INTO dbo.Loan (LoanID, LoanTypeID, LoanAmount, AnnualIncome, HouseholdCount, DeliveryDate, LVRatio, InterestRate, Balance, InsCode, InsurerNum, ReservDateTime) VALUES (1364540, 27, 100000.00, 10000.00, 1, null, null, null, null, 5, null, N'2021-06-30 12:57:30.530');
INSERT INTO dbo.Loan (LoanID, LoanTypeID, LoanAmount, AnnualIncome, HouseholdCount, DeliveryDate, LVRatio, InterestRate, Balance, InsCode, InsurerNum, ReservDateTime) VALUES (1364539, 27, 100200.00, 12345.00, 1, null, null, null, null, 5, N'042-7870885-796', N'2021-06-30 09:32:01.770');
INSERT INTO dbo.Loan (LoanID, LoanTypeID, LoanAmount, AnnualIncome, HouseholdCount, DeliveryDate, LVRatio, InterestRate, Balance, InsCode, InsurerNum, ReservDateTime) VALUES (1364538, 32, 2000.00, 12345.00, 1, null, null, null, null, 5, N'042-7870885-796', N'2021-06-29 12:54:21.500');
INSERT INTO dbo.Loan (LoanID, LoanTypeID, LoanAmount, AnnualIncome, HouseholdCount, DeliveryDate, LVRatio, InterestRate, Balance, InsCode, InsurerNum, ReservDateTime) VALUES (1364537, 27, 100000.00, 12345.00, 1, null, null, null, null, 5, N'042-7870885-796', N'2021-06-29 12:54:21.500');
INSERT INTO dbo.Loan (LoanID, LoanTypeID, LoanAmount, AnnualIncome, HouseholdCount, DeliveryDate, LVRatio, InterestRate, Balance, InsCode, InsurerNum, ReservDateTime) VALUES (1364536, 32, 2000.00, 12345.00, 1, null, null, null, null, 5, N'042-7870885-796', N'2021-06-29 07:51:05.433');
INSERT INTO dbo.Loan (LoanID, LoanTypeID, LoanAmount, AnnualIncome, HouseholdCount, DeliveryDate, LVRatio, InterestRate, Balance, InsCode, InsurerNum, ReservDateTime) VALUES (1364535, 27, 100000.00, 12345.00, 1, null, null, null, null, 5, N'042-7870885-796', N'2021-06-29 07:51:05.433');
INSERT INTO dbo.Loan (LoanID, LoanTypeID, LoanAmount, AnnualIncome, HouseholdCount, DeliveryDate, LVRatio, InterestRate, Balance, InsCode, InsurerNum, ReservDateTime) VALUES (1364534, 32, 2000.00, 92345.00, 5, null, null, null, null, 22, N'042-7870885-796', N'2021-06-24 15:04:18.290');
INSERT INTO dbo.Loan (LoanID, LoanTypeID, LoanAmount, AnnualIncome, HouseholdCount, DeliveryDate, LVRatio, InterestRate, Balance, InsCode, InsurerNum, ReservDateTime) VALUES (1364533, 11, 2200.00, 92345.00, 5, null, null, null, null, 22, N'042-7870885-796', N'2021-06-24 15:04:18.290');
INSERT INTO dbo.Loan (LoanID, LoanTypeID, LoanAmount, AnnualIncome, HouseholdCount, DeliveryDate, LVRatio, InterestRate, Balance, InsCode, InsurerNum, ReservDateTime) VALUES (1364532, 42, 110000.00, 92345.00, 5, null, null, null, null, 22, N'042-7870885-796', N'2021-06-24 15:04:18.290');
INSERT INTO dbo.Loan (LoanID, LoanTypeID, LoanAmount, AnnualIncome, HouseholdCount, DeliveryDate, LVRatio, InterestRate, Balance, InsCode, InsurerNum, ReservDateTime) VALUES (1364531, 27, 373117.00, 7366.00, 1, null, null, null, null, 5, null, N'2021-06-22 15:13:12.083');
INSERT INTO dbo.Loan (LoanID, LoanTypeID, LoanAmount, AnnualIncome, HouseholdCount, DeliveryDate, LVRatio, InterestRate, Balance, InsCode, InsurerNum, ReservDateTime) VALUES (1364530, 32, 2000.00, 12345.00, 1, null, null, null, null, 5, N'042-7870885-796', N'2021-06-17 15:10:39.237');
INSERT INTO dbo.Loan (LoanID, LoanTypeID, LoanAmount, AnnualIncome, HouseholdCount, DeliveryDate, LVRatio, InterestRate, Balance, InsCode, InsurerNum, ReservDateTime) VALUES (1364529, 27, 100000.00, 12345.00, 1, null, null, null, null, 5, N'042-7870885-796', N'2021-06-17 15:10:39.237');
INSERT INTO dbo.Loan (LoanID, LoanTypeID, LoanAmount, AnnualIncome, HouseholdCount, DeliveryDate, LVRatio, InterestRate, Balance, InsCode, InsurerNum, ReservDateTime) VALUES (1364528, 27, 100000.00, 12345.00, 1, null, null, null, null, 5, N'042-7870885-796', N'2021-06-14 15:23:47.727');
INSERT INTO dbo.Loan (LoanID, LoanTypeID, LoanAmount, AnnualIncome, HouseholdCount, DeliveryDate, LVRatio, InterestRate, Balance, InsCode, InsurerNum, ReservDateTime) VALUES (1364527, 11, 2200.00, 12345.00, 4, null, null, null, null, 22, N'042-7870885-796', N'2021-06-14 15:21:56.053');
INSERT INTO dbo.Loan (LoanID, LoanTypeID, LoanAmount, AnnualIncome, HouseholdCount, DeliveryDate, LVRatio, InterestRate, Balance, InsCode, InsurerNum, ReservDateTime) VALUES (1364526, 42, 110000.00, 12345.00, 4, null, null, null, null, 22, N'042-7870885-796', N'2021-06-14 15:21:56.053');
INSERT INTO dbo.Loan (LoanID, LoanTypeID, LoanAmount, AnnualIncome, HouseholdCount, DeliveryDate, LVRatio, InterestRate, Balance, InsCode, InsurerNum, ReservDateTime) VALUES (1364525, 27, 100000.00, 12345.00, 1, null, null, null, null, 5, N'042-7870885-796', N'2021-06-14 13:22:31.757');
INSERT INTO dbo.Loan (LoanID, LoanTypeID, LoanAmount, AnnualIncome, HouseholdCount, DeliveryDate, LVRatio, InterestRate, Balance, InsCode, InsurerNum, ReservDateTime) VALUES (1364524, 11, 2200.00, 82344.96, 5, null, null, 0.00000, null, 22, N'042-7870885-796', N'2021-06-11 14:43:47.000');
INSERT INTO dbo.Loan (LoanID, LoanTypeID, LoanAmount, AnnualIncome, HouseholdCount, DeliveryDate, LVRatio, InterestRate, Balance, InsCode, InsurerNum, ReservDateTime) VALUES (1364523, 42, 110000.00, 82344.96, 5, null, null, 0.03500, null, 22, N'042-7870885-796', N'2021-06-11 14:43:47.000');
INSERT INTO dbo.Loan (LoanID, LoanTypeID, LoanAmount, AnnualIncome, HouseholdCount, DeliveryDate, LVRatio, InterestRate, Balance, InsCode, InsurerNum, ReservDateTime) VALUES (1364522, 32, 3500.00, 12345.00, 4, null, null, null, null, 5, N'042-7870885-796', N'2021-06-11 11:17:09.000');
INSERT INTO dbo.Loan (LoanID, LoanTypeID, LoanAmount, AnnualIncome, HouseholdCount, DeliveryDate, LVRatio, InterestRate, Balance, InsCode, InsurerNum, ReservDateTime) VALUES (1364521, 27, 100000.00, 12345.00, 4, null, null, null, null, 5, N'042-7870885-796', N'2021-06-11 11:17:09.000');
INSERT INTO dbo.Loan (LoanID, LoanTypeID, LoanAmount, AnnualIncome, HouseholdCount, DeliveryDate, LVRatio, InterestRate, Balance, InsCode, InsurerNum, ReservDateTime) VALUES (1364520, 32, 3500.00, 12345.00, 4, null, null, null, null, 22, N'042-7870885-796', N'2021-06-11 10:35:27.367');
INSERT INTO dbo.Loan (LoanID, LoanTypeID, LoanAmount, AnnualIncome, HouseholdCount, DeliveryDate, LVRatio, InterestRate, Balance, InsCode, InsurerNum, ReservDateTime) VALUES (1364519, 29, 100000.00, 12345.00, 4, null, null, null, null, 22, N'042-7870885-796', N'2021-06-11 10:35:27.367');


SET IDENTITY_INSERT dbo.Loan 
OFF;


INSERT INTO dbo.StatusCode (StatusCode, Description, BusinessUnit, NotesAndAssumptions, ConversationCategoryID) VALUES (0, null, N'', N'', null);
INSERT INTO dbo.StatusCode (StatusCode, Description, BusinessUnit, NotesAndAssumptions, ConversationCategoryID) VALUES (110, N'Reservation Pending - Potential Duplicate Loan Issue', N'Program Compliance', N'Newly reserved loan may be a duplicate.  Needs review by Program Compliance staff to determine if reservation should be processed or rejected.  Paper loan folder not received.', null);
INSERT INTO dbo.StatusCode (StatusCode, Description, BusinessUnit, NotesAndAssumptions, ConversationCategoryID) VALUES (120, N'New Reservation', N'Program Compliance', N'New reservation.  Paper loan folder not yet received', 4);
INSERT INTO dbo.StatusCode (StatusCode, Description, BusinessUnit, NotesAndAssumptions, ConversationCategoryID) VALUES (160, N'SHBAP Pre-Approval', N'Program Compliance', N'To be used for conversion for closed SHBAP loans ', null);
INSERT INTO dbo.StatusCode (StatusCode, Description, BusinessUnit, NotesAndAssumptions, ConversationCategoryID) VALUES (210, N'File received', N'Program Compliance', N'Clerical staff input loan file receipt date', null);
INSERT INTO dbo.StatusCode (StatusCode, Description, BusinessUnit, NotesAndAssumptions, ConversationCategoryID) VALUES (215, N'File Received in Pre-Review', N'Program Compliance', N'Assigned to Pre-review staff to review file for completeness ', null);
INSERT INTO dbo.StatusCode (StatusCode, Description, BusinessUnit, NotesAndAssumptions, ConversationCategoryID) VALUES (220, N'Notice of Incomplete File Sent', N'Program Compliance', N'Pre-review suspends file for additional documentation', 2);
INSERT INTO dbo.StatusCode (StatusCode, Description, BusinessUnit, NotesAndAssumptions, ConversationCategoryID) VALUES (310, N'File received by CU', N'Credit Underwriting', N'CU = Credit Underwriting', null);
INSERT INTO dbo.StatusCode (StatusCode, Description, BusinessUnit, NotesAndAssumptions, ConversationCategoryID) VALUES (315, N'File assigned to CU', N'Credit Underwriting', N'', null);
INSERT INTO dbo.StatusCode (StatusCode, Description, BusinessUnit, NotesAndAssumptions, ConversationCategoryID) VALUES (320, N'File suspended by CU', N'Credit Underwriting', N'', null);
INSERT INTO dbo.StatusCode (StatusCode, Description, BusinessUnit, NotesAndAssumptions, ConversationCategoryID) VALUES (325, N'File rejected by CU', N'Credit Underwriting', N'', null);
INSERT INTO dbo.StatusCode (StatusCode, Description, BusinessUnit, NotesAndAssumptions, ConversationCategoryID) VALUES (330, N'File approved by CU', N'Credit Underwriting', N'', null);
INSERT INTO dbo.StatusCode (StatusCode, Description, BusinessUnit, NotesAndAssumptions, ConversationCategoryID) VALUES (350, N'File assigned to NC reviewer', N'Program Compliance', N'NC = New Construction', null);
INSERT INTO dbo.StatusCode (StatusCode, Description, BusinessUnit, NotesAndAssumptions, ConversationCategoryID) VALUES (360, N'File assigned to SP reviewer', N'Program Compliance', N'SP = Special Programs', null);
INSERT INTO dbo.StatusCode (StatusCode, Description, BusinessUnit, NotesAndAssumptions, ConversationCategoryID) VALUES (410, N'File received for Compliance review', N'Program Compliance', N'PC = Program Compliance', null);
INSERT INTO dbo.StatusCode (StatusCode, Description, BusinessUnit, NotesAndAssumptions, ConversationCategoryID) VALUES (415, N'File assigned to Compliance Reviewer', N'Program Compliance', N'', null);
INSERT INTO dbo.StatusCode (StatusCode, Description, BusinessUnit, NotesAndAssumptions, ConversationCategoryID) VALUES (420, N'File suspended by Compliance Reviewer', N'Program Compliance', N'', 2);
INSERT INTO dbo.StatusCode (StatusCode, Description, BusinessUnit, NotesAndAssumptions, ConversationCategoryID) VALUES (421, N'Notice of Incomplete Compliance File', N'Program Compliance', N'', null);
INSERT INTO dbo.StatusCode (StatusCode, Description, BusinessUnit, NotesAndAssumptions, ConversationCategoryID) VALUES (422, N'Lender Re-Submission', N'Program Compliance', N'', null);
INSERT INTO dbo.StatusCode (StatusCode, Description, BusinessUnit, NotesAndAssumptions, ConversationCategoryID) VALUES (424, N'Loan Review - Denial Pending', N'Program Compliance', N'', 2);
INSERT INTO dbo.StatusCode (StatusCode, Description, BusinessUnit, NotesAndAssumptions, ConversationCategoryID) VALUES (425, N'File rejected by Compliance Reviewer', N'Program Compliance', N'Conversion may include loans where lender withdrew loan', 2);
INSERT INTO dbo.StatusCode (StatusCode, Description, BusinessUnit, NotesAndAssumptions, ConversationCategoryID) VALUES (430, N'File Recommended for Approval', N'Program Compliance', N'', 2);
INSERT INTO dbo.StatusCode (StatusCode, Description, BusinessUnit, NotesAndAssumptions, ConversationCategoryID) VALUES (440, N'Notice of Commitment Issued', N'Program Compliance', N'Conditional Approval-Supervisor approved', null);
INSERT INTO dbo.StatusCode (StatusCode, Description, BusinessUnit, NotesAndAssumptions, ConversationCategoryID) VALUES (510, N'Purchase file received', N'Program Compliance', N'2nd half review', 3);
INSERT INTO dbo.StatusCode (StatusCode, Description, BusinessUnit, NotesAndAssumptions, ConversationCategoryID) VALUES (515, N'File assigned to Purchase Reviewer', N'Program Compliance', N'', null);
INSERT INTO dbo.StatusCode (StatusCode, Description, BusinessUnit, NotesAndAssumptions, ConversationCategoryID) VALUES (520, N'File suspended by Purchase Reviewer', N'Program Compliance', N'', 3);
INSERT INTO dbo.StatusCode (StatusCode, Description, BusinessUnit, NotesAndAssumptions, ConversationCategoryID) VALUES (521, N'Notice of Incomplete Purchase File', N'Program Compliance', N'', null);
INSERT INTO dbo.StatusCode (StatusCode, Description, BusinessUnit, NotesAndAssumptions, ConversationCategoryID) VALUES (522, N'Lender Re-Submission', N'Program Compliance', N'', null);
INSERT INTO dbo.StatusCode (StatusCode, Description, BusinessUnit, NotesAndAssumptions, ConversationCategoryID) VALUES (525, N'File rejected by Purchase Reviewer', N'Program Compliance', N'', 3);
INSERT INTO dbo.StatusCode (StatusCode, Description, BusinessUnit, NotesAndAssumptions, ConversationCategoryID) VALUES (527, N'Purchase docs approved pending 1st', N'Program Compliance', N'', 3);
INSERT INTO dbo.StatusCode (StatusCode, Description, BusinessUnit, NotesAndAssumptions, ConversationCategoryID) VALUES (530, N'File approved by Purchase Reviewer', N'Program Compliance', N'', 3);
INSERT INTO dbo.StatusCode (StatusCode, Description, BusinessUnit, NotesAndAssumptions, ConversationCategoryID) VALUES (540, N'Purchase Docs to Accounting', N'Program Compliance', N'', null);
INSERT INTO dbo.StatusCode (StatusCode, Description, BusinessUnit, NotesAndAssumptions, ConversationCategoryID) VALUES (610, N'Purchase docs received Accounting', N'Fiscal Services', N'', null);
INSERT INTO dbo.StatusCode (StatusCode, Description, BusinessUnit, NotesAndAssumptions, ConversationCategoryID) VALUES (620, N'Purchase docs suspended Accounting', N'Fiscal Services', N'', 5);
INSERT INTO dbo.StatusCode (StatusCode, Description, BusinessUnit, NotesAndAssumptions, ConversationCategoryID) VALUES (625, N'Suspended and Returned to SF Lending', N'Fiscal Services', N'', 5);
INSERT INTO dbo.StatusCode (StatusCode, Description, BusinessUnit, NotesAndAssumptions, ConversationCategoryID) VALUES (630, N'Purchase docs approved', N'Fiscal Services', N'', null);
INSERT INTO dbo.StatusCode (StatusCode, Description, BusinessUnit, NotesAndAssumptions, ConversationCategoryID) VALUES (640, N'Purchased and Funds Wired', N'Fiscal Services', N'', 5);
INSERT INTO dbo.StatusCode (StatusCode, Description, BusinessUnit, NotesAndAssumptions, ConversationCategoryID) VALUES (645, N'Purchase Reversed', N'Fiscal Services', N'', 5);
INSERT INTO dbo.StatusCode (StatusCode, Description, BusinessUnit, NotesAndAssumptions, ConversationCategoryID) VALUES (660, N'Trailing Documents Received', null, N'The legacy status code 60 is currently inactive; however, it has been given a new status code of 660 for the purpose of data conversion.', null);
INSERT INTO dbo.StatusCode (StatusCode, Description, BusinessUnit, NotesAndAssumptions, ConversationCategoryID) VALUES (665, N'Trailing Docs / File Archived ', N'Program Compliance', N'', null);
INSERT INTO dbo.StatusCode (StatusCode, Description, BusinessUnit, NotesAndAssumptions, ConversationCategoryID) VALUES (705, N'First Mortgage Securitized (HomeChoice)', N'', N'Needed for conversion of HomeChoice loans', null);
INSERT INTO dbo.StatusCode (StatusCode, Description, BusinessUnit, NotesAndAssumptions, ConversationCategoryID) VALUES (710, N'File Received by Master Servicer', N'', N'Relates to the PackageRecdDate from the US Bank interface', null);
INSERT INTO dbo.StatusCode (StatusCode, Description, BusinessUnit, NotesAndAssumptions, ConversationCategoryID) VALUES (715, N'Suspended by Master Servicer', N'', N'Relates to the PostedDate from the US Bank interface', null);
INSERT INTO dbo.StatusCode (StatusCode, Description, BusinessUnit, NotesAndAssumptions, ConversationCategoryID) VALUES (720, N'First Mortgage Purchased by Master Servicer', N'', N'Relates to the MSPurchaseDate from the US Bank interface', null);
INSERT INTO dbo.StatusCode (StatusCode, Description, BusinessUnit, NotesAndAssumptions, ConversationCategoryID) VALUES (730, N'Ineligible for Securitization', N'Program Compliance', N'Loan cannot be securitized', 6);
INSERT INTO dbo.StatusCode (StatusCode, Description, BusinessUnit, NotesAndAssumptions, ConversationCategoryID) VALUES (740, N'First Mortgage Securitized', N'', N'', null);
INSERT INTO dbo.StatusCode (StatusCode, Description, BusinessUnit, NotesAndAssumptions, ConversationCategoryID) VALUES (810, N'Pending Repurchase by Lender', N'Program Compliance', N'Lender repurchase request has been initiated.  Repurchase funds not yet received', 6);
INSERT INTO dbo.StatusCode (StatusCode, Description, BusinessUnit, NotesAndAssumptions, ConversationCategoryID) VALUES (815, N'Repurchased by Lender', N'Program Compliance', N'Lender repurchase complete.  Repurchase funds received', 6);
INSERT INTO dbo.StatusCode (StatusCode, Description, BusinessUnit, NotesAndAssumptions, ConversationCategoryID) VALUES (920, N'Withdrawn/Cancelled by Lender', N'', N'', 4);
INSERT INTO dbo.StatusCode (StatusCode, Description, BusinessUnit, NotesAndAssumptions, ConversationCategoryID) VALUES (940, N'Cancelled by Compliance', N'Program Compliance', N'', 4);

SET IDENTITY_INSERT dbo.LoanStatus 
ON;

INSERT INTO dbo.LoanStatus (LoanStatusID, LoanID, StatusCode, StatusDate, LoginName, LoginDate, StatusSequence) VALUES (2805035, 1364519, 110, N'2021-06-11 10:35:28.907', N'pkarthic@calhfa.ca.gov', N'2021-06-11 10:35:28.907', 1);
INSERT INTO dbo.LoanStatus (LoanStatusID, LoanID, StatusCode, StatusDate, LoginName, LoginDate, StatusSequence) VALUES (2805036, 1364520, 110, N'2021-06-11 10:35:29.217', N'pkarthic@calhfa.ca.gov', N'2021-06-11 10:35:29.217', 1);
INSERT INTO dbo.LoanStatus (LoanStatusID, LoanID, StatusCode, StatusDate, LoginName, LoginDate, StatusSequence) VALUES (2805037, 1364521, 110, N'2021-06-11 11:17:10.583', N'pkarthic@calhfa.ca.gov', N'2021-06-11 11:17:10.583', 1);
INSERT INTO dbo.LoanStatus (LoanStatusID, LoanID, StatusCode, StatusDate, LoginName, LoginDate, StatusSequence) VALUES (2805038, 1364522, 110, N'2021-06-11 11:17:10.723', N'pkarthic@calhfa.ca.gov', N'2021-06-11 11:17:10.723', 1);
INSERT INTO dbo.LoanStatus (LoanStatusID, LoanID, StatusCode, StatusDate, LoginName, LoginDate, StatusSequence) VALUES (2805042, 1364523, 120, N'2021-06-11 14:43:49.263', N'schintalapudi@CalHFA.ca.gov', N'2021-06-11 14:43:49.263', 1);
INSERT INTO dbo.LoanStatus (LoanStatusID, LoanID, StatusCode, StatusDate, LoginName, LoginDate, StatusSequence) VALUES (2805044, 1364523, 410, N'2021-06-11 14:59:44.847', N'schintalapudi@CalHFA.ca.gov', N'2021-06-11 14:59:44.847', 2);
INSERT INTO dbo.LoanStatus (LoanStatusID, LoanID, StatusCode, StatusDate, LoginName, LoginDate, StatusSequence) VALUES (2805047, 1364523, 430, N'2021-06-11 15:04:51.890', N'SCHINTALAPUDI', N'2021-06-11 15:04:51.887', 3);
INSERT INTO dbo.LoanStatus (LoanStatusID, LoanID, StatusCode, StatusDate, LoginName, LoginDate, StatusSequence) VALUES (2805049, 1364523, 440, N'2021-06-11 15:05:04.413', N'SCHINTALAPUDI', N'2021-06-11 15:05:04.407', 4);
INSERT INTO dbo.LoanStatus (LoanStatusID, LoanID, StatusCode, StatusDate, LoginName, LoginDate, StatusSequence) VALUES (2805043, 1364524, 120, N'2021-06-11 14:43:49.433', N'schintalapudi@CalHFA.ca.gov', N'2021-06-11 14:43:49.433', 1);
INSERT INTO dbo.LoanStatus (LoanStatusID, LoanID, StatusCode, StatusDate, LoginName, LoginDate, StatusSequence) VALUES (2805045, 1364524, 410, N'2021-06-11 14:59:44.847', N'schintalapudi@CalHFA.ca.gov', N'2021-06-11 14:59:44.847', 2);
INSERT INTO dbo.LoanStatus (LoanStatusID, LoanID, StatusCode, StatusDate, LoginName, LoginDate, StatusSequence) VALUES (2805046, 1364524, 430, N'2021-06-11 15:04:51.890', N'SCHINTALAPUDI', N'2021-06-11 15:04:51.887', 3);
INSERT INTO dbo.LoanStatus (LoanStatusID, LoanID, StatusCode, StatusDate, LoginName, LoginDate, StatusSequence) VALUES (2805048, 1364524, 440, N'2021-06-11 15:05:04.413', N'SCHINTALAPUDI', N'2021-06-11 15:05:04.407', 4);
INSERT INTO dbo.LoanStatus (LoanStatusID, LoanID, StatusCode, StatusDate, LoginName, LoginDate, StatusSequence) VALUES (2805132, 1364524, 510, N'2021-07-02 13:33:05.160', N'bmuheim@calhfa.ca.gov', N'2021-07-02 13:33:05.160', 5);
INSERT INTO dbo.LoanStatus (LoanStatusID, LoanID, StatusCode, StatusDate, LoginName, LoginDate, StatusSequence) VALUES (2805394, 1364524, 515, N'2021-08-03 11:19:46.907', N'BMUHEIM', N'2021-08-03 11:19:46.907', 6);
INSERT INTO dbo.LoanStatus (LoanStatusID, LoanID, StatusCode, StatusDate, LoginName, LoginDate, StatusSequence) VALUES (2805050, 1364525, 120, N'2021-06-14 13:22:43.473', N'scasler@calhfa.ca.gov', N'2021-06-14 13:22:43.473', 1);
INSERT INTO dbo.LoanStatus (LoanStatusID, LoanID, StatusCode, StatusDate, LoginName, LoginDate, StatusSequence) VALUES (2805051, 1364525, 410, N'2021-06-14 13:24:36.587', N'scasler@calhfa.ca.gov', N'2021-06-14 13:24:36.587', 2);
INSERT INTO dbo.LoanStatus (LoanStatusID, LoanID, StatusCode, StatusDate, LoginName, LoginDate, StatusSequence) VALUES (2805052, 1364525, 415, N'2021-06-14 13:26:11.580', N'SCASLER', N'2021-06-14 13:26:11.620', 3);
INSERT INTO dbo.LoanStatus (LoanStatusID, LoanID, StatusCode, StatusDate, LoginName, LoginDate, StatusSequence) VALUES (2805053, 1364525, 430, N'2021-06-14 13:27:58.577', N'SCASLER', N'2021-06-14 13:27:58.507', 4);
INSERT INTO dbo.LoanStatus (LoanStatusID, LoanID, StatusCode, StatusDate, LoginName, LoginDate, StatusSequence) VALUES (2805054, 1364525, 440, N'2021-06-14 13:28:05.750', N'SCASLER', N'2021-06-14 13:28:05.680', 5);
INSERT INTO dbo.LoanStatus (LoanStatusID, LoanID, StatusCode, StatusDate, LoginName, LoginDate, StatusSequence) VALUES (2805055, 1364526, 120, N'2021-06-14 15:22:07.797', N'schintalapudi@CalHFA.ca.gov', N'2021-06-14 15:22:07.797', 1);
INSERT INTO dbo.LoanStatus (LoanStatusID, LoanID, StatusCode, StatusDate, LoginName, LoginDate, StatusSequence) VALUES (2805078, 1364526, 410, N'2021-06-24 11:22:12.513', N'schintalapudi@CalHFA.ca.gov', N'2021-06-24 11:22:12.513', 2);
INSERT INTO dbo.LoanStatus (LoanStatusID, LoanID, StatusCode, StatusDate, LoginName, LoginDate, StatusSequence) VALUES (2805081, 1364526, 430, N'2021-06-24 11:40:18.647', N'SCHINTALAPUDI', N'2021-06-24 11:40:18.763', 3);
INSERT INTO dbo.LoanStatus (LoanStatusID, LoanID, StatusCode, StatusDate, LoginName, LoginDate, StatusSequence) VALUES (2805116, 1364526, 421, N'2021-06-30 11:00:49.877', N'OCR-CLDOCS', N'2021-06-30 11:00:49.877', 4);
INSERT INTO dbo.LoanStatus (LoanStatusID, LoanID, StatusCode, StatusDate, LoginName, LoginDate, StatusSequence) VALUES (2805056, 1364527, 120, N'2021-06-14 15:22:07.957', N'schintalapudi@CalHFA.ca.gov', N'2021-06-14 15:22:07.957', 1);
INSERT INTO dbo.LoanStatus (LoanStatusID, LoanID, StatusCode, StatusDate, LoginName, LoginDate, StatusSequence) VALUES (2805079, 1364527, 410, N'2021-06-24 11:22:12.530', N'schintalapudi@CalHFA.ca.gov', N'2021-06-24 11:22:12.530', 2);
INSERT INTO dbo.LoanStatus (LoanStatusID, LoanID, StatusCode, StatusDate, LoginName, LoginDate, StatusSequence) VALUES (2805080, 1364527, 430, N'2021-06-24 11:40:18.647', N'SCHINTALAPUDI', N'2021-06-24 11:40:18.763', 3);
INSERT INTO dbo.LoanStatus (LoanStatusID, LoanID, StatusCode, StatusDate, LoginName, LoginDate, StatusSequence) VALUES (2805057, 1364528, 120, N'2021-06-14 15:23:58.893', N'scasler@calhfa.ca.gov', N'2021-06-14 15:23:58.893', 1);
INSERT INTO dbo.LoanStatus (LoanStatusID, LoanID, StatusCode, StatusDate, LoginName, LoginDate, StatusSequence) VALUES (2805062, 1364528, 410, N'2021-06-17 09:32:14.733', N'bmuheim@calhfa.ca.gov', N'2021-06-17 09:32:14.733', 2);
INSERT INTO dbo.LoanStatus (LoanStatusID, LoanID, StatusCode, StatusDate, LoginName, LoginDate, StatusSequence) VALUES (2805063, 1364528, 421, N'2021-06-17 10:00:50.923', N'OCR-CLDOCS', N'2021-06-17 10:00:50.923', 3);
INSERT INTO dbo.LoanStatus (LoanStatusID, LoanID, StatusCode, StatusDate, LoginName, LoginDate, StatusSequence) VALUES (2805076, 1364528, 421, N'2021-06-22 09:04:50.737', N'OCR-CLDOCS', N'2021-06-22 09:04:50.737', 4);
INSERT INTO dbo.LoanStatus (LoanStatusID, LoanID, StatusCode, StatusDate, LoginName, LoginDate, StatusSequence) VALUES (2805064, 1364529, 120, N'2021-06-17 15:10:40.797', N'scasler@calhfa.ca.gov', N'2021-06-17 15:10:40.797', 1);
INSERT INTO dbo.LoanStatus (LoanStatusID, LoanID, StatusCode, StatusDate, LoginName, LoginDate, StatusSequence) VALUES (2805066, 1364529, 410, N'2021-06-17 15:14:56.107', N'scasler@calhfa.ca.gov', N'2021-06-17 15:14:56.107', 2);
INSERT INTO dbo.LoanStatus (LoanStatusID, LoanID, StatusCode, StatusDate, LoginName, LoginDate, StatusSequence) VALUES (2805069, 1364529, 415, N'2021-06-17 15:16:17.453', N'SCASLER', N'2021-06-17 15:16:17.490', 3);
INSERT INTO dbo.LoanStatus (LoanStatusID, LoanID, StatusCode, StatusDate, LoginName, LoginDate, StatusSequence) VALUES (2805071, 1364529, 430, N'2021-06-17 15:17:49.680', N'SCASLER', N'2021-06-17 15:17:49.613', 4);
INSERT INTO dbo.LoanStatus (LoanStatusID, LoanID, StatusCode, StatusDate, LoginName, LoginDate, StatusSequence) VALUES (2805073, 1364529, 440, N'2021-06-17 15:17:57.703', N'SCASLER', N'2021-06-17 15:17:57.633', 5);
INSERT INTO dbo.LoanStatus (LoanStatusID, LoanID, StatusCode, StatusDate, LoginName, LoginDate, StatusSequence) VALUES (2805065, 1364530, 120, N'2021-06-17 15:10:40.953', N'scasler@calhfa.ca.gov', N'2021-06-17 15:10:40.953', 1);
INSERT INTO dbo.LoanStatus (LoanStatusID, LoanID, StatusCode, StatusDate, LoginName, LoginDate, StatusSequence) VALUES (2805067, 1364530, 410, N'2021-06-17 15:14:56.107', N'scasler@calhfa.ca.gov', N'2021-06-17 15:14:56.107', 2);
INSERT INTO dbo.LoanStatus (LoanStatusID, LoanID, StatusCode, StatusDate, LoginName, LoginDate, StatusSequence) VALUES (2805068, 1364530, 415, N'2021-06-17 15:16:17.453', N'SCASLER', N'2021-06-17 15:16:17.490', 3);
INSERT INTO dbo.LoanStatus (LoanStatusID, LoanID, StatusCode, StatusDate, LoginName, LoginDate, StatusSequence) VALUES (2805070, 1364530, 430, N'2021-06-17 15:17:49.680', N'SCASLER', N'2021-06-17 15:17:49.613', 4);
INSERT INTO dbo.LoanStatus (LoanStatusID, LoanID, StatusCode, StatusDate, LoginName, LoginDate, StatusSequence) VALUES (2805072, 1364530, 440, N'2021-06-17 15:17:57.703', N'SCASLER', N'2021-06-17 15:17:57.633', 5);
INSERT INTO dbo.LoanStatus (LoanStatusID, LoanID, StatusCode, StatusDate, LoginName, LoginDate, StatusSequence) VALUES (2805074, 1364530, 510, N'2021-06-17 15:18:30.570', N'SCASLER', N'2021-06-17 15:18:50.947', 6);
INSERT INTO dbo.LoanStatus (LoanStatusID, LoanID, StatusCode, StatusDate, LoginName, LoginDate, StatusSequence) VALUES (2805075, 1364530, 515, N'2021-06-17 15:20:06.183', N'SCASLER', N'2021-06-17 15:20:06.120', 7);
INSERT INTO dbo.LoanStatus (LoanStatusID, LoanID, StatusCode, StatusDate, LoginName, LoginDate, StatusSequence) VALUES (2805139, 1364530, 520, N'2021-07-07 08:19:13.460', N'SCASLER', N'2021-07-07 08:19:13.690', 8);
INSERT INTO dbo.LoanStatus (LoanStatusID, LoanID, StatusCode, StatusDate, LoginName, LoginDate, StatusSequence) VALUES (2805077, 1364531, 120, N'2021-06-22 15:13:10.950', N'scasler@calhfa.ca.gov', N'2021-06-22 15:13:10.950', 1);
INSERT INTO dbo.LoanStatus (LoanStatusID, LoanID, StatusCode, StatusDate, LoginName, LoginDate, StatusSequence) VALUES (2805082, 1364532, 120, N'2021-06-24 15:04:19.830', N'schintalapudi@CalHFA.ca.gov', N'2021-06-24 15:04:19.830', 1);
INSERT INTO dbo.LoanStatus (LoanStatusID, LoanID, StatusCode, StatusDate, LoginName, LoginDate, StatusSequence) VALUES (2805085, 1364532, 410, N'2021-06-24 15:11:04.013', N'schintalapudi@CalHFA.ca.gov', N'2021-06-24 15:11:04.013', 2);
INSERT INTO dbo.LoanStatus (LoanStatusID, LoanID, StatusCode, StatusDate, LoginName, LoginDate, StatusSequence) VALUES (2805117, 1364532, 421, N'2021-06-30 11:00:50.020', N'OCR-CLDOCS', N'2021-06-30 11:00:50.020', 3);
INSERT INTO dbo.LoanStatus (LoanStatusID, LoanID, StatusCode, StatusDate, LoginName, LoginDate, StatusSequence) VALUES (2805083, 1364533, 120, N'2021-06-24 15:04:19.987', N'schintalapudi@CalHFA.ca.gov', N'2021-06-24 15:04:19.987', 1);
INSERT INTO dbo.LoanStatus (LoanStatusID, LoanID, StatusCode, StatusDate, LoginName, LoginDate, StatusSequence) VALUES (2805086, 1364533, 410, N'2021-06-24 15:11:04.013', N'schintalapudi@CalHFA.ca.gov', N'2021-06-24 15:11:04.013', 2);
INSERT INTO dbo.LoanStatus (LoanStatusID, LoanID, StatusCode, StatusDate, LoginName, LoginDate, StatusSequence) VALUES (2805084, 1364534, 120, N'2021-06-24 15:04:20.033', N'schintalapudi@CalHFA.ca.gov', N'2021-06-24 15:04:20.033', 1);
INSERT INTO dbo.LoanStatus (LoanStatusID, LoanID, StatusCode, StatusDate, LoginName, LoginDate, StatusSequence) VALUES (2805087, 1364534, 410, N'2021-06-24 15:11:04.013', N'schintalapudi@CalHFA.ca.gov', N'2021-06-24 15:11:04.013', 2);
INSERT INTO dbo.LoanStatus (LoanStatusID, LoanID, StatusCode, StatusDate, LoginName, LoginDate, StatusSequence) VALUES (2805088, 1364535, 120, N'2021-06-29 07:51:06.520', N'scasler@calhfa.ca.gov', N'2021-06-29 07:51:06.520', 1);
INSERT INTO dbo.LoanStatus (LoanStatusID, LoanID, StatusCode, StatusDate, LoginName, LoginDate, StatusSequence) VALUES (2805090, 1364535, 410, N'2021-06-29 07:53:58.067', N'scasler@calhfa.ca.gov', N'2021-06-29 07:53:58.067', 2);
INSERT INTO dbo.LoanStatus (LoanStatusID, LoanID, StatusCode, StatusDate, LoginName, LoginDate, StatusSequence) VALUES (2805093, 1364535, 430, N'2021-06-29 08:01:41.837', N'SCASLER', N'2021-06-29 08:01:41.910', 3);
INSERT INTO dbo.LoanStatus (LoanStatusID, LoanID, StatusCode, StatusDate, LoginName, LoginDate, StatusSequence) VALUES (2805095, 1364535, 440, N'2021-06-29 08:02:15.833', N'SCASLER', N'2021-06-29 08:02:15.803', 4);
INSERT INTO dbo.LoanStatus (LoanStatusID, LoanID, StatusCode, StatusDate, LoginName, LoginDate, StatusSequence) VALUES (2805114, 1364535, 421, N'2021-06-30 10:50:49.933', N'OCR-CLDOCS', N'2021-06-30 10:50:49.933', 5);
INSERT INTO dbo.LoanStatus (LoanStatusID, LoanID, StatusCode, StatusDate, LoginName, LoginDate, StatusSequence) VALUES (2805089, 1364536, 120, N'2021-06-29 07:51:06.660', N'scasler@calhfa.ca.gov', N'2021-06-29 07:51:06.660', 1);
INSERT INTO dbo.LoanStatus (LoanStatusID, LoanID, StatusCode, StatusDate, LoginName, LoginDate, StatusSequence) VALUES (2805091, 1364536, 410, N'2021-06-29 07:53:58.080', N'scasler@calhfa.ca.gov', N'2021-06-29 07:53:58.080', 2);
INSERT INTO dbo.LoanStatus (LoanStatusID, LoanID, StatusCode, StatusDate, LoginName, LoginDate, StatusSequence) VALUES (2805092, 1364536, 430, N'2021-06-29 08:01:41.837', N'SCASLER', N'2021-06-29 08:01:41.910', 3);
INSERT INTO dbo.LoanStatus (LoanStatusID, LoanID, StatusCode, StatusDate, LoginName, LoginDate, StatusSequence) VALUES (2805094, 1364536, 440, N'2021-06-29 08:02:15.833', N'SCASLER', N'2021-06-29 08:02:15.803', 4);
INSERT INTO dbo.LoanStatus (LoanStatusID, LoanID, StatusCode, StatusDate, LoginName, LoginDate, StatusSequence) VALUES (2805096, 1364536, 510, N'2021-06-29 08:11:58.547', N'SCASLER', N'2021-06-29 08:14:39.160', 5);
INSERT INTO dbo.LoanStatus (LoanStatusID, LoanID, StatusCode, StatusDate, LoginName, LoginDate, StatusSequence) VALUES (2805097, 1364536, 515, N'2021-06-29 08:15:04.820', N'SCASLER', N'2021-06-29 08:15:04.823', 6);
INSERT INTO dbo.LoanStatus (LoanStatusID, LoanID, StatusCode, StatusDate, LoginName, LoginDate, StatusSequence) VALUES (2805098, 1364536, 520, N'2021-06-29 08:42:47.663', N'SCASLER', N'2021-06-29 08:42:47.710', 7);
INSERT INTO dbo.LoanStatus (LoanStatusID, LoanID, StatusCode, StatusDate, LoginName, LoginDate, StatusSequence) VALUES (2805616, 1364536, 520, N'2021-09-16 11:57:52.690', N'SCHINTALAPUDI', N'2021-09-16 11:57:52.740', 8);
INSERT INTO dbo.LoanStatus (LoanStatusID, LoanID, StatusCode, StatusDate, LoginName, LoginDate, StatusSequence) VALUES (2805099, 1364537, 120, N'2021-06-29 12:54:22.913', N'scasler@calhfa.ca.gov', N'2021-06-29 12:54:22.913', 1);
INSERT INTO dbo.LoanStatus (LoanStatusID, LoanID, StatusCode, StatusDate, LoginName, LoginDate, StatusSequence) VALUES (2805101, 1364537, 410, N'2021-06-29 12:56:32.903', N'scasler@calhfa.ca.gov', N'2021-06-29 12:56:32.903', 2);
INSERT INTO dbo.LoanStatus (LoanStatusID, LoanID, StatusCode, StatusDate, LoginName, LoginDate, StatusSequence) VALUES (2805104, 1364537, 410, N'2021-06-29 13:07:28.923', N'SCASLER', N'2021-06-29 13:07:37.940', 3);
INSERT INTO dbo.LoanStatus (LoanStatusID, LoanID, StatusCode, StatusDate, LoginName, LoginDate, StatusSequence) VALUES (2805106, 1364537, 430, N'2021-06-29 13:07:55.273', N'SCASLER', N'2021-06-29 13:07:55.223', 4);
INSERT INTO dbo.LoanStatus (LoanStatusID, LoanID, StatusCode, StatusDate, LoginName, LoginDate, StatusSequence) VALUES (2805108, 1364537, 440, N'2021-06-29 13:07:58.333', N'SCASLER', N'2021-06-29 13:07:58.273', 5);
INSERT INTO dbo.LoanStatus (LoanStatusID, LoanID, StatusCode, StatusDate, LoginName, LoginDate, StatusSequence) VALUES (2805115, 1364537, 421, N'2021-06-30 10:50:50.077', N'OCR-CLDOCS', N'2021-06-30 10:50:50.077', 6);
INSERT INTO dbo.LoanStatus (LoanStatusID, LoanID, StatusCode, StatusDate, LoginName, LoginDate, StatusSequence) VALUES (2805281, 1364537, 410, N'2021-07-25 18:03:37.110', N'pkarthic@calhfa.ca.gov', N'2021-07-25 18:03:37.110', 7);
INSERT INTO dbo.LoanStatus (LoanStatusID, LoanID, StatusCode, StatusDate, LoginName, LoginDate, StatusSequence) VALUES (2805342, 1364537, 421, N'2021-07-29 13:48:50.400', N'OCR-CLDOCS', N'2021-07-29 13:48:50.400', 8);
INSERT INTO dbo.LoanStatus (LoanStatusID, LoanID, StatusCode, StatusDate, LoginName, LoginDate, StatusSequence) VALUES (2805100, 1364538, 120, N'2021-06-29 12:54:23.070', N'scasler@calhfa.ca.gov', N'2021-06-29 12:54:23.070', 1);
INSERT INTO dbo.LoanStatus (LoanStatusID, LoanID, StatusCode, StatusDate, LoginName, LoginDate, StatusSequence) VALUES (2805102, 1364538, 410, N'2021-06-29 12:56:32.920', N'scasler@calhfa.ca.gov', N'2021-06-29 12:56:32.920', 2);
INSERT INTO dbo.LoanStatus (LoanStatusID, LoanID, StatusCode, StatusDate, LoginName, LoginDate, StatusSequence) VALUES (2805103, 1364538, 410, N'2021-06-29 13:07:28.923', N'SCASLER', N'2021-06-29 13:07:37.940', 3);
INSERT INTO dbo.LoanStatus (LoanStatusID, LoanID, StatusCode, StatusDate, LoginName, LoginDate, StatusSequence) VALUES (2805105, 1364538, 430, N'2021-06-29 13:07:55.273', N'SCASLER', N'2021-06-29 13:07:55.223', 4);
INSERT INTO dbo.LoanStatus (LoanStatusID, LoanID, StatusCode, StatusDate, LoginName, LoginDate, StatusSequence) VALUES (2805107, 1364538, 440, N'2021-06-29 13:07:58.333', N'SCASLER', N'2021-06-29 13:07:58.273', 5);
INSERT INTO dbo.LoanStatus (LoanStatusID, LoanID, StatusCode, StatusDate, LoginName, LoginDate, StatusSequence) VALUES (2805109, 1364538, 510, N'2021-06-29 13:08:12.500', N'SCASLER', N'2021-06-29 13:08:22.643', 6);
INSERT INTO dbo.LoanStatus (LoanStatusID, LoanID, StatusCode, StatusDate, LoginName, LoginDate, StatusSequence) VALUES (2805110, 1364538, 510, N'2021-06-29 13:08:12.500', N'SCASLER', N'2021-06-29 13:10:18.327', 7);
INSERT INTO dbo.LoanStatus (LoanStatusID, LoanID, StatusCode, StatusDate, LoginName, LoginDate, StatusSequence) VALUES (2805111, 1364538, 515, N'2021-06-29 13:10:33.847', N'SCASLER', N'2021-06-29 13:10:33.800', 8);
INSERT INTO dbo.LoanStatus (LoanStatusID, LoanID, StatusCode, StatusDate, LoginName, LoginDate, StatusSequence) VALUES (2805112, 1364538, 520, N'2021-06-29 13:13:56.590', N'SCASLER', N'2021-06-29 13:13:56.550', 9);
INSERT INTO dbo.LoanStatus (LoanStatusID, LoanID, StatusCode, StatusDate, LoginName, LoginDate, StatusSequence) VALUES (2805113, 1364539, 120, N'2021-06-30 09:32:02.353', N'scasler@calhfa.ca.gov', N'2021-06-30 09:32:02.353', 1);
INSERT INTO dbo.LoanStatus (LoanStatusID, LoanID, StatusCode, StatusDate, LoginName, LoginDate, StatusSequence) VALUES (2805118, 1364540, 120, N'2021-06-30 12:57:31.800', N'scasler@calhfa.ca.gov', N'2021-06-30 12:57:31.800', 1);
INSERT INTO dbo.LoanStatus (LoanStatusID, LoanID, StatusCode, StatusDate, LoginName, LoginDate, StatusSequence) VALUES (2805119, 1364539, 410, N'2021-07-02 10:06:26.380', N'bmuheim@calhfa.ca.gov', N'2021-07-02 10:06:26.380', 2);
INSERT INTO dbo.LoanStatus (LoanStatusID, LoanID, StatusCode, StatusDate, LoginName, LoginDate, StatusSequence) VALUES (2805120, 1364539, 421, N'2021-07-02 10:17:50.020', N'OCR-CLDOCS', N'2021-07-02 10:17:50.020', 3);
INSERT INTO dbo.LoanStatus (LoanStatusID, LoanID, StatusCode, StatusDate, LoginName, LoginDate, StatusSequence) VALUES (2805121, 1364539, 410, N'2021-07-02 10:20:15.600', N'bmuheim@calhfa.ca.gov', N'2021-07-02 10:20:15.600', 4);
INSERT INTO dbo.LoanStatus (LoanStatusID, LoanID, StatusCode, StatusDate, LoginName, LoginDate, StatusSequence) VALUES (2805122, 1364539, 421, N'2021-07-02 10:27:49.963', N'OCR-CLDOCS', N'2021-07-02 10:27:49.963', 5);
INSERT INTO dbo.LoanStatus (LoanStatusID, LoanID, StatusCode, StatusDate, LoginName, LoginDate, StatusSequence) VALUES (2805123, 1364539, 410, N'2021-07-02 10:30:50.597', N'bmuheim@calhfa.ca.gov', N'2021-07-02 10:30:50.597', 6);
INSERT INTO dbo.LoanStatus (LoanStatusID, LoanID, StatusCode, StatusDate, LoginName, LoginDate, StatusSequence) VALUES (2805124, 1364539, 421, N'2021-07-02 10:58:49.920', N'OCR-CLDOCS', N'2021-07-02 10:58:49.920', 7);
INSERT INTO dbo.LoanStatus (LoanStatusID, LoanID, StatusCode, StatusDate, LoginName, LoginDate, StatusSequence) VALUES (2805125, 1364539, 410, N'2021-07-02 11:03:10.750', N'bmuheim@calhfa.ca.gov', N'2021-07-02 11:03:10.750', 8);
INSERT INTO dbo.LoanStatus (LoanStatusID, LoanID, StatusCode, StatusDate, LoginName, LoginDate, StatusSequence) VALUES (2805126, 1364541, 120, N'2021-07-02 12:32:04.757', N'scasler@calhfa.ca.gov', N'2021-07-02 12:32:04.757', 1);
INSERT INTO dbo.LoanStatus (LoanStatusID, LoanID, StatusCode, StatusDate, LoginName, LoginDate, StatusSequence) VALUES (2805127, 1364541, 410, N'2021-07-02 12:47:48.380', N'bmuheim@calhfa.ca.gov', N'2021-07-02 12:47:48.380', 2);
INSERT INTO dbo.LoanStatus (LoanStatusID, LoanID, StatusCode, StatusDate, LoginName, LoginDate, StatusSequence) VALUES (2805128, 1364539, 421, N'2021-07-02 12:58:49.923', N'OCR-CLDOCS', N'2021-07-02 12:58:49.923', 9);
INSERT INTO dbo.LoanStatus (LoanStatusID, LoanID, StatusCode, StatusDate, LoginName, LoginDate, StatusSequence) VALUES (2805129, 1364541, 421, N'2021-07-02 13:09:49.930', N'OCR-CLDOCS', N'2021-07-02 13:09:49.930', 3);
INSERT INTO dbo.LoanStatus (LoanStatusID, LoanID, StatusCode, StatusDate, LoginName, LoginDate, StatusSequence) VALUES (2805130, 1364542, 120, N'2021-07-02 13:31:40.903', N'scasler@calhfa.ca.gov', N'2021-07-02 13:31:40.903', 1);
INSERT INTO dbo.LoanStatus (LoanStatusID, LoanID, StatusCode, StatusDate, LoginName, LoginDate, StatusSequence) VALUES (2805131, 1364543, 120, N'2021-07-02 13:31:40.983', N'scasler@calhfa.ca.gov', N'2021-07-02 13:31:40.983', 1);
INSERT INTO dbo.LoanStatus (LoanStatusID, LoanID, StatusCode, StatusDate, LoginName, LoginDate, StatusSequence) VALUES (2805133, 1364541, 410, N'2021-07-02 13:35:07.520', N'bmuheim@calhfa.ca.gov', N'2021-07-02 13:35:07.520', 4);
INSERT INTO dbo.LoanStatus (LoanStatusID, LoanID, StatusCode, StatusDate, LoginName, LoginDate, StatusSequence) VALUES (2805134, 1364541, 421, N'2021-07-02 13:39:49.933', N'OCR-CLDOCS', N'2021-07-02 13:39:49.933', 5);
INSERT INTO dbo.LoanStatus (LoanStatusID, LoanID, StatusCode, StatusDate, LoginName, LoginDate, StatusSequence) VALUES (2805135, 1364542, 410, N'2021-07-02 13:48:30.437', N'scasler@calhfa.ca.gov', N'2021-07-02 13:48:30.437', 2);
INSERT INTO dbo.LoanStatus (LoanStatusID, LoanID, StatusCode, StatusDate, LoginName, LoginDate, StatusSequence) VALUES (2805136, 1364543, 410, N'2021-07-02 13:48:30.437', N'scasler@calhfa.ca.gov', N'2021-07-02 13:48:30.437', 2);
INSERT INTO dbo.LoanStatus (LoanStatusID, LoanID, StatusCode, StatusDate, LoginName, LoginDate, StatusSequence) VALUES (2805138, 1364542, 421, N'2021-07-06 11:37:50.410', N'OCR-CLDOCS', N'2021-07-06 11:37:50.410', 3);
INSERT INTO dbo.LoanStatus (LoanStatusID, LoanID, StatusCode, StatusDate, LoginName, LoginDate, StatusSequence) VALUES (2805140, 1364544, 120, N'2021-07-07 08:48:09.867', N'scasler@calhfa.ca.gov', N'2021-07-07 08:48:09.867', 1);
INSERT INTO dbo.LoanStatus (LoanStatusID, LoanID, StatusCode, StatusDate, LoginName, LoginDate, StatusSequence) VALUES (2805141, 1364545, 120, N'2021-07-07 08:48:10.020', N'scasler@calhfa.ca.gov', N'2021-07-07 08:48:10.020', 1);
INSERT INTO dbo.LoanStatus (LoanStatusID, LoanID, StatusCode, StatusDate, LoginName, LoginDate, StatusSequence) VALUES (2805142, 1364544, 410, N'2021-07-07 08:49:50.870', N'scasler@calhfa.ca.gov', N'2021-07-07 08:49:50.870', 2);
INSERT INTO dbo.LoanStatus (LoanStatusID, LoanID, StatusCode, StatusDate, LoginName, LoginDate, StatusSequence) VALUES (2805143, 1364545, 410, N'2021-07-07 08:49:50.870', N'scasler@calhfa.ca.gov', N'2021-07-07 08:49:50.870', 2);
INSERT INTO dbo.LoanStatus (LoanStatusID, LoanID, StatusCode, StatusDate, LoginName, LoginDate, StatusSequence) VALUES (2805144, 1364545, 420, N'2021-07-07 08:55:08.933', N'SCASLER', N'2021-07-07 08:55:08.913', 3);
INSERT INTO dbo.LoanStatus (LoanStatusID, LoanID, StatusCode, StatusDate, LoginName, LoginDate, StatusSequence) VALUES (2805145, 1364544, 420, N'2021-07-07 08:55:08.933', N'SCASLER', N'2021-07-07 08:55:08.913', 3);
INSERT INTO dbo.LoanStatus (LoanStatusID, LoanID, StatusCode, StatusDate, LoginName, LoginDate, StatusSequence) VALUES (2805146, 1364546, 120, N'2021-07-12 13:34:08.690', N'schintalapudi@CalHFA.ca.gov', N'2021-07-12 13:34:08.690', 1);
INSERT INTO dbo.LoanStatus (LoanStatusID, LoanID, StatusCode, StatusDate, LoginName, LoginDate, StatusSequence) VALUES (2805147, 1364547, 120, N'2021-07-12 13:34:08.830', N'schintalapudi@CalHFA.ca.gov', N'2021-07-12 13:34:08.830', 1);
INSERT INTO dbo.LoanStatus (LoanStatusID, LoanID, StatusCode, StatusDate, LoginName, LoginDate, StatusSequence) VALUES (2805148, 1364548, 120, N'2021-07-12 13:34:08.863', N'schintalapudi@CalHFA.ca.gov', N'2021-07-12 13:34:08.863', 1);
INSERT INTO dbo.LoanStatus (LoanStatusID, LoanID, StatusCode, StatusDate, LoginName, LoginDate, StatusSequence) VALUES (2805149, 1364546, 410, N'2021-07-12 14:00:08.993', N'schintalapudi@CalHFA.ca.gov', N'2021-07-12 14:00:08.993', 2);
INSERT INTO dbo.LoanStatus (LoanStatusID, LoanID, StatusCode, StatusDate, LoginName, LoginDate, StatusSequence) VALUES (2805150, 1364547, 410, N'2021-07-12 14:00:09.010', N'schintalapudi@CalHFA.ca.gov', N'2021-07-12 14:00:09.010', 2);
INSERT INTO dbo.LoanStatus (LoanStatusID, LoanID, StatusCode, StatusDate, LoginName, LoginDate, StatusSequence) VALUES (2805151, 1364548, 410, N'2021-07-12 14:00:09.010', N'schintalapudi@CalHFA.ca.gov', N'2021-07-12 14:00:09.010', 2);
INSERT INTO dbo.LoanStatus (LoanStatusID, LoanID, StatusCode, StatusDate, LoginName, LoginDate, StatusSequence) VALUES (2805152, 1364547, 430, N'2021-07-12 14:05:08.110', N'SCHINTALAPUDI', N'2021-07-12 14:05:08.193', 3);
INSERT INTO dbo.LoanStatus (LoanStatusID, LoanID, StatusCode, StatusDate, LoginName, LoginDate, StatusSequence) VALUES (2805153, 1364548, 430, N'2021-07-12 14:05:08.110', N'SCHINTALAPUDI', N'2021-07-12 14:05:08.193', 3);
INSERT INTO dbo.LoanStatus (LoanStatusID, LoanID, StatusCode, StatusDate, LoginName, LoginDate, StatusSequence) VALUES (2805154, 1364546, 430, N'2021-07-12 14:05:08.110', N'SCHINTALAPUDI', N'2021-07-12 14:05:08.193', 3);
INSERT INTO dbo.LoanStatus (LoanStatusID, LoanID, StatusCode, StatusDate, LoginName, LoginDate, StatusSequence) VALUES (2805155, 1364547, 440, N'2021-07-12 14:05:20.633', N'SCHINTALAPUDI', N'2021-07-12 14:05:20.607', 4);
INSERT INTO dbo.LoanStatus (LoanStatusID, LoanID, StatusCode, StatusDate, LoginName, LoginDate, StatusSequence) VALUES (2805156, 1364548, 440, N'2021-07-12 14:05:20.633', N'SCHINTALAPUDI', N'2021-07-12 14:05:20.607', 4);
INSERT INTO dbo.LoanStatus (LoanStatusID, LoanID, StatusCode, StatusDate, LoginName, LoginDate, StatusSequence) VALUES (2805157, 1364546, 440, N'2021-07-12 14:05:20.633', N'SCHINTALAPUDI', N'2021-07-12 14:05:20.607', 4);
INSERT INTO dbo.LoanStatus (LoanStatusID, LoanID, StatusCode, StatusDate, LoginName, LoginDate, StatusSequence) VALUES (2805158, 1364549, 120, N'2021-07-12 14:19:57.400', N'schintalapudi@CalHFA.ca.gov', N'2021-07-12 14:19:57.400', 1);
INSERT INTO dbo.LoanStatus (LoanStatusID, LoanID, StatusCode, StatusDate, LoginName, LoginDate, StatusSequence) VALUES (2805159, 1364550, 120, N'2021-07-12 14:19:57.447', N'schintalapudi@CalHFA.ca.gov', N'2021-07-12 14:19:57.447', 1);
INSERT INTO dbo.LoanStatus (LoanStatusID, LoanID, StatusCode, StatusDate, LoginName, LoginDate, StatusSequence) VALUES (2805160, 1364551, 120, N'2021-07-12 14:19:57.460', N'schintalapudi@CalHFA.ca.gov', N'2021-07-12 14:19:57.460', 1);
INSERT INTO dbo.LoanStatus (LoanStatusID, LoanID, StatusCode, StatusDate, LoginName, LoginDate, StatusSequence) VALUES (2805161, 1364552, 110, N'2021-07-16 15:35:07.313', N'jkennedy@calhfa.ca.gov', N'2021-07-16 15:35:07.313', 1);
INSERT INTO dbo.LoanStatus (LoanStatusID, LoanID, StatusCode, StatusDate, LoginName, LoginDate, StatusSequence) VALUES (2805162, 1364553, 110, N'2021-07-16 15:35:07.597', N'jkennedy@calhfa.ca.gov', N'2021-07-16 15:35:07.597', 1);
INSERT INTO dbo.LoanStatus (LoanStatusID, LoanID, StatusCode, StatusDate, LoginName, LoginDate, StatusSequence) VALUES (2805163, 1364554, 110, N'2021-07-16 15:35:07.627', N'jkennedy@calhfa.ca.gov', N'2021-07-16 15:35:07.627', 1);
INSERT INTO dbo.LoanStatus (LoanStatusID, LoanID, StatusCode, StatusDate, LoginName, LoginDate, StatusSequence) VALUES (2805164, 1364553, 120, N'2021-07-16 15:35:49.577', N'JKENNEDY', N'2021-07-16 15:35:49.637', 2);
INSERT INTO dbo.LoanStatus (LoanStatusID, LoanID, StatusCode, StatusDate, LoginName, LoginDate, StatusSequence) VALUES (2805165, 1364554, 120, N'2021-07-16 15:35:49.577', N'JKENNEDY', N'2021-07-16 15:35:49.637', 2);
INSERT INTO dbo.LoanStatus (LoanStatusID, LoanID, StatusCode, StatusDate, LoginName, LoginDate, StatusSequence) VALUES (2805166, 1364552, 120, N'2021-07-16 15:35:49.577', N'JKENNEDY', N'2021-07-16 15:35:49.637', 2);
INSERT INTO dbo.LoanStatus (LoanStatusID, LoanID, StatusCode, StatusDate, LoginName, LoginDate, StatusSequence) VALUES (2805167, 1364553, 210, N'2021-07-16 15:35:55.333', N'JKENNEDY', N'2021-07-16 15:36:09.420', 3);
INSERT INTO dbo.LoanStatus (LoanStatusID, LoanID, StatusCode, StatusDate, LoginName, LoginDate, StatusSequence) VALUES (2805168, 1364554, 210, N'2021-07-16 15:35:55.333', N'JKENNEDY', N'2021-07-16 15:36:09.420', 3);
INSERT INTO dbo.LoanStatus (LoanStatusID, LoanID, StatusCode, StatusDate, LoginName, LoginDate, StatusSequence) VALUES (2805169, 1364552, 210, N'2021-07-16 15:35:55.333', N'JKENNEDY', N'2021-07-16 15:36:09.420', 3);
INSERT INTO dbo.LoanStatus (LoanStatusID, LoanID, StatusCode, StatusDate, LoginName, LoginDate, StatusSequence) VALUES (2805170, 1364553, 410, N'2021-07-16 15:36:20.083', N'JKENNEDY', N'2021-07-16 15:36:31.513', 4);
INSERT INTO dbo.LoanStatus (LoanStatusID, LoanID, StatusCode, StatusDate, LoginName, LoginDate, StatusSequence) VALUES (2805171, 1364554, 410, N'2021-07-16 15:36:20.083', N'JKENNEDY', N'2021-07-16 15:36:31.513', 4);
INSERT INTO dbo.LoanStatus (LoanStatusID, LoanID, StatusCode, StatusDate, LoginName, LoginDate, StatusSequence) VALUES (2805172, 1364552, 410, N'2021-07-16 15:36:20.083', N'JKENNEDY', N'2021-07-16 15:36:31.513', 4);
INSERT INTO dbo.LoanStatus (LoanStatusID, LoanID, StatusCode, StatusDate, LoginName, LoginDate, StatusSequence) VALUES (2805173, 1364550, 410, N'2021-07-16 15:36:20.083', N'JKENNEDY', N'2021-07-16 15:53:09.363', 2);
INSERT INTO dbo.LoanStatus (LoanStatusID, LoanID, StatusCode, StatusDate, LoginName, LoginDate, StatusSequence) VALUES (2805174, 1364551, 410, N'2021-07-16 15:36:20.083', N'JKENNEDY', N'2021-07-16 15:53:09.363', 2);
INSERT INTO dbo.LoanStatus (LoanStatusID, LoanID, StatusCode, StatusDate, LoginName, LoginDate, StatusSequence) VALUES (2805175, 1364549, 410, N'2021-07-16 15:36:20.083', N'JKENNEDY', N'2021-07-16 15:53:09.363', 2);
INSERT INTO dbo.LoanStatus (LoanStatusID, LoanID, StatusCode, StatusDate, LoginName, LoginDate, StatusSequence) VALUES (2805176, 1364550, 430, N'2021-07-16 15:54:04.333', N'JKENNEDY', N'2021-07-16 15:54:04.317', 3);
INSERT INTO dbo.LoanStatus (LoanStatusID, LoanID, StatusCode, StatusDate, LoginName, LoginDate, StatusSequence) VALUES (2805177, 1364551, 430, N'2021-07-16 15:54:04.333', N'JKENNEDY', N'2021-07-16 15:54:04.317', 3);
INSERT INTO dbo.LoanStatus (LoanStatusID, LoanID, StatusCode, StatusDate, LoginName, LoginDate, StatusSequence) VALUES (2805178, 1364549, 430, N'2021-07-16 15:54:04.333', N'JKENNEDY', N'2021-07-16 15:54:04.317', 3);
INSERT INTO dbo.LoanStatus (LoanStatusID, LoanID, StatusCode, StatusDate, LoginName, LoginDate, StatusSequence) VALUES (2805179, 1364550, 440, N'2021-07-16 15:54:26.107', N'JKENNEDY', N'2021-07-16 15:54:26.087', 4);
INSERT INTO dbo.LoanStatus (LoanStatusID, LoanID, StatusCode, StatusDate, LoginName, LoginDate, StatusSequence) VALUES (2805180, 1364551, 440, N'2021-07-16 15:54:26.107', N'JKENNEDY', N'2021-07-16 15:54:26.087', 4);
INSERT INTO dbo.LoanStatus (LoanStatusID, LoanID, StatusCode, StatusDate, LoginName, LoginDate, StatusSequence) VALUES (2805181, 1364549, 120, N'2021-07-16 15:54:26.107', N'JKENNEDY', N'2021-07-16 15:54:26.087', 4);
INSERT INTO dbo.LoanStatus (LoanStatusID, LoanID, StatusCode, StatusDate, LoginName, LoginDate, StatusSequence) VALUES (2805182, 1364555, 110, N'2021-07-16 16:02:13.083', N'jkennedy@calhfa.ca.gov', N'2021-07-16 16:02:13.083', 1);
INSERT INTO dbo.LoanStatus (LoanStatusID, LoanID, StatusCode, StatusDate, LoginName, LoginDate, StatusSequence) VALUES (2805183, 1364556, 110, N'2021-07-16 16:02:13.160', N'jkennedy@calhfa.ca.gov', N'2021-07-16 16:02:13.160', 1);
INSERT INTO dbo.LoanStatus (LoanStatusID, LoanID, StatusCode, StatusDate, LoginName, LoginDate, StatusSequence) VALUES (2805184, 1364556, 410, N'2021-07-16 15:36:20.083', N'JKENNEDY', N'2021-07-16 16:02:36.677', 2);
INSERT INTO dbo.LoanStatus (LoanStatusID, LoanID, StatusCode, StatusDate, LoginName, LoginDate, StatusSequence) VALUES (2805185, 1364555, 410, N'2021-07-16 15:36:20.083', N'JKENNEDY', N'2021-07-16 16:02:36.677', 2);
INSERT INTO dbo.LoanStatus (LoanStatusID, LoanID, StatusCode, StatusDate, LoginName, LoginDate, StatusSequence) VALUES (2805186, 1364539, 422, N'2021-07-16 16:06:35.913', N'JKENNEDY', N'2021-07-16 16:06:43.260', 10);
INSERT INTO dbo.LoanStatus (LoanStatusID, LoanID, StatusCode, StatusDate, LoginName, LoginDate, StatusSequence) VALUES (2805187, 1364545, 430, N'2021-07-16 16:10:04.717', N'JKENNEDY', N'2021-07-16 16:10:04.703', 4);
INSERT INTO dbo.LoanStatus (LoanStatusID, LoanID, StatusCode, StatusDate, LoginName, LoginDate, StatusSequence) VALUES (2805188, 1364544, 430, N'2021-07-16 16:10:04.717', N'JKENNEDY', N'2021-07-16 16:10:04.703', 4);
INSERT INTO dbo.LoanStatus (LoanStatusID, LoanID, StatusCode, StatusDate, LoginName, LoginDate, StatusSequence) VALUES (2805189, 1364545, 440, N'2021-07-16 16:10:17.627', N'JKENNEDY', N'2021-07-16 16:10:17.610', 5);
INSERT INTO dbo.LoanStatus (LoanStatusID, LoanID, StatusCode, StatusDate, LoginName, LoginDate, StatusSequence) VALUES (2805190, 1364544, 440, N'2021-07-16 16:10:17.627', N'JKENNEDY', N'2021-07-16 16:10:17.610', 5);
INSERT INTO dbo.LoanStatus (LoanStatusID, LoanID, StatusCode, StatusDate, LoginName, LoginDate, StatusSequence) VALUES (2805191, 1364557, 120, N'2021-07-19 12:15:07.623', N'schintalapudi@CalHFA.ca.gov', N'2021-07-19 12:15:07.623', 1);
INSERT INTO dbo.LoanStatus (LoanStatusID, LoanID, StatusCode, StatusDate, LoginName, LoginDate, StatusSequence) VALUES (2805192, 1364558, 110, N'2021-07-19 14:21:55.747', N'jkennedy@calhfa.ca.gov', N'2021-07-19 14:21:55.747', 1);
INSERT INTO dbo.LoanStatus (LoanStatusID, LoanID, StatusCode, StatusDate, LoginName, LoginDate, StatusSequence) VALUES (2805193, 1364559, 110, N'2021-07-19 14:21:55.950', N'jkennedy@calhfa.ca.gov', N'2021-07-19 14:21:55.950', 1);
INSERT INTO dbo.LoanStatus (LoanStatusID, LoanID, StatusCode, StatusDate, LoginName, LoginDate, StatusSequence) VALUES (2805194, 1364560, 110, N'2021-07-19 14:31:02.183', N'jkennedy@calhfa.ca.gov', N'2021-07-19 14:31:02.183', 1);
INSERT INTO dbo.LoanStatus (LoanStatusID, LoanID, StatusCode, StatusDate, LoginName, LoginDate, StatusSequence) VALUES (2805195, 1364561, 110, N'2021-07-19 14:31:02.263', N'jkennedy@calhfa.ca.gov', N'2021-07-19 14:31:02.263', 1);
INSERT INTO dbo.LoanStatus (LoanStatusID, LoanID, StatusCode, StatusDate, LoginName, LoginDate, StatusSequence) VALUES (2805196, 1364562, 110, N'2021-07-19 14:50:22.670', N'jkennedy@calhfa.ca.gov', N'2021-07-19 14:50:22.670', 1);
INSERT INTO dbo.LoanStatus (LoanStatusID, LoanID, StatusCode, StatusDate, LoginName, LoginDate, StatusSequence) VALUES (2805197, 1364563, 110, N'2021-07-19 14:50:22.733', N'jkennedy@calhfa.ca.gov', N'2021-07-19 14:50:22.733', 1);
INSERT INTO dbo.LoanStatus (LoanStatusID, LoanID, StatusCode, StatusDate, LoginName, LoginDate, StatusSequence) VALUES (2805198, 1364564, 110, N'2021-07-19 15:44:36.473', N'jkennedy@calhfa.ca.gov', N'2021-07-19 15:44:36.473', 1);
INSERT INTO dbo.LoanStatus (LoanStatusID, LoanID, StatusCode, StatusDate, LoginName, LoginDate, StatusSequence) VALUES (2805199, 1364565, 110, N'2021-07-19 15:44:36.553', N'jkennedy@calhfa.ca.gov', N'2021-07-19 15:44:36.553', 1);
INSERT INTO dbo.LoanStatus (LoanStatusID, LoanID, StatusCode, StatusDate, LoginName, LoginDate, StatusSequence) VALUES (2805200, 1364566, 110, N'2021-07-19 15:50:14.053', N'jkennedy@calhfa.ca.gov', N'2021-07-19 15:50:14.053', 1);
INSERT INTO dbo.LoanStatus (LoanStatusID, LoanID, StatusCode, StatusDate, LoginName, LoginDate, StatusSequence) VALUES (2805201, 1364567, 110, N'2021-07-19 15:50:14.117', N'jkennedy@calhfa.ca.gov', N'2021-07-19 15:50:14.117', 1);
INSERT INTO dbo.LoanStatus (LoanStatusID, LoanID, StatusCode, StatusDate, LoginName, LoginDate, StatusSequence) VALUES (2805202, 1364568, 110, N'2021-07-19 16:08:57.883', N'jkennedy@calhfa.ca.gov', N'2021-07-19 16:08:57.883', 1);
INSERT INTO dbo.LoanStatus (LoanStatusID, LoanID, StatusCode, StatusDate, LoginName, LoginDate, StatusSequence) VALUES (2805203, 1364569, 110, N'2021-07-19 16:08:57.947', N'jkennedy@calhfa.ca.gov', N'2021-07-19 16:08:57.947', 1);
INSERT INTO dbo.LoanStatus (LoanStatusID, LoanID, StatusCode, StatusDate, LoginName, LoginDate, StatusSequence) VALUES (2805204, 1364570, 110, N'2021-07-19 16:08:57.977', N'jkennedy@calhfa.ca.gov', N'2021-07-19 16:08:57.977', 1);
INSERT INTO dbo.LoanStatus (LoanStatusID, LoanID, StatusCode, StatusDate, LoginName, LoginDate, StatusSequence) VALUES (2805205, 1364571, 110, N'2021-07-19 16:11:13.353', N'jkennedy@calhfa.ca.gov', N'2021-07-19 16:11:13.353', 1);
INSERT INTO dbo.LoanStatus (LoanStatusID, LoanID, StatusCode, StatusDate, LoginName, LoginDate, StatusSequence) VALUES (2805206, 1364572, 110, N'2021-07-19 16:11:13.430', N'jkennedy@calhfa.ca.gov', N'2021-07-19 16:11:13.430', 1);
INSERT INTO dbo.LoanStatus (LoanStatusID, LoanID, StatusCode, StatusDate, LoginName, LoginDate, StatusSequence) VALUES (2805207, 1364573, 110, N'2021-07-19 16:11:13.463', N'jkennedy@calhfa.ca.gov', N'2021-07-19 16:11:13.463', 1);
INSERT INTO dbo.LoanStatus (LoanStatusID, LoanID, StatusCode, StatusDate, LoginName, LoginDate, StatusSequence) VALUES (2805208, 1364574, 120, N'2021-07-22 10:05:26.723', N'scasler@calhfa.ca.gov', N'2021-07-22 10:05:26.723', 1);
INSERT INTO dbo.LoanStatus (LoanStatusID, LoanID, StatusCode, StatusDate, LoginName, LoginDate, StatusSequence) VALUES (2805209, 1364575, 120, N'2021-07-22 10:05:26.897', N'scasler@calhfa.ca.gov', N'2021-07-22 10:05:26.897', 1);
INSERT INTO dbo.LoanStatus (LoanStatusID, LoanID, StatusCode, StatusDate, LoginName, LoginDate, StatusSequence) VALUES (2805210, 1364574, 410, N'2021-07-22 10:07:09.880', N'scasler@calhfa.ca.gov', N'2021-07-22 10:07:09.880', 2);
INSERT INTO dbo.LoanStatus (LoanStatusID, LoanID, StatusCode, StatusDate, LoginName, LoginDate, StatusSequence) VALUES (2805211, 1364575, 410, N'2021-07-22 10:07:09.893', N'scasler@calhfa.ca.gov', N'2021-07-22 10:07:09.893', 2);
INSERT INTO dbo.LoanStatus (LoanStatusID, LoanID, StatusCode, StatusDate, LoginName, LoginDate, StatusSequence) VALUES (2805212, 1364575, 415, N'2021-07-22 10:19:05.487', N'SCASLER', N'2021-07-22 10:19:05.580', 3);
INSERT INTO dbo.LoanStatus (LoanStatusID, LoanID, StatusCode, StatusDate, LoginName, LoginDate, StatusSequence) VALUES (2805213, 1364574, 415, N'2021-07-22 10:19:05.487', N'SCASLER', N'2021-07-22 10:19:05.580', 3);
INSERT INTO dbo.LoanStatus (LoanStatusID, LoanID, StatusCode, StatusDate, LoginName, LoginDate, StatusSequence) VALUES (2805214, 1364575, 420, N'2021-07-22 10:26:30.143', N'SCASLER', N'2021-07-22 10:26:30.163', 4);
INSERT INTO dbo.LoanStatus (LoanStatusID, LoanID, StatusCode, StatusDate, LoginName, LoginDate, StatusSequence) VALUES (2805215, 1364574, 420, N'2021-07-22 10:26:30.143', N'SCASLER', N'2021-07-22 10:26:30.163', 4);
INSERT INTO dbo.LoanStatus (LoanStatusID, LoanID, StatusCode, StatusDate, LoginName, LoginDate, StatusSequence) VALUES (2805216, 1364574, 422, N'2021-07-22 10:29:34.390', N'scasler@calhfa.ca.gov', N'2021-07-22 10:29:34.390', 5);
INSERT INTO dbo.LoanStatus (LoanStatusID, LoanID, StatusCode, StatusDate, LoginName, LoginDate, StatusSequence) VALUES (2805217, 1364575, 422, N'2021-07-22 10:29:34.407', N'scasler@calhfa.ca.gov', N'2021-07-22 10:29:34.407', 5);
INSERT INTO dbo.LoanStatus (LoanStatusID, LoanID, StatusCode, StatusDate, LoginName, LoginDate, StatusSequence) VALUES (2805218, 1364575, 415, N'2021-07-22 10:32:54.267', N'SCASLER', N'2021-07-22 10:32:54.233', 6);
INSERT INTO dbo.LoanStatus (LoanStatusID, LoanID, StatusCode, StatusDate, LoginName, LoginDate, StatusSequence) VALUES (2805219, 1364574, 415, N'2021-07-22 10:32:54.267', N'SCASLER', N'2021-07-22 10:32:54.233', 6);
INSERT INTO dbo.LoanStatus (LoanStatusID, LoanID, StatusCode, StatusDate, LoginName, LoginDate, StatusSequence) VALUES (2805220, 1364576, 110, N'2021-07-22 10:34:33.010', N'jkennedy@calhfa.ca.gov', N'2021-07-22 10:34:33.010', 1);
INSERT INTO dbo.LoanStatus (LoanStatusID, LoanID, StatusCode, StatusDate, LoginName, LoginDate, StatusSequence) VALUES (2805221, 1364577, 110, N'2021-07-22 10:34:33.150', N'jkennedy@calhfa.ca.gov', N'2021-07-22 10:34:33.150', 1);
INSERT INTO dbo.LoanStatus (LoanStatusID, LoanID, StatusCode, StatusDate, LoginName, LoginDate, StatusSequence) VALUES (2805222, 1364578, 110, N'2021-07-22 10:40:27.557', N'jkennedy@calhfa.ca.gov', N'2021-07-22 10:40:27.557', 1);
INSERT INTO dbo.LoanStatus (LoanStatusID, LoanID, StatusCode, StatusDate, LoginName, LoginDate, StatusSequence) VALUES (2805223, 1364579, 110, N'2021-07-22 10:40:27.633', N'jkennedy@calhfa.ca.gov', N'2021-07-22 10:40:27.633', 1);
INSERT INTO dbo.LoanStatus (LoanStatusID, LoanID, StatusCode, StatusDate, LoginName, LoginDate, StatusSequence) VALUES (2805224, 1364580, 110, N'2021-07-22 10:40:27.667', N'jkennedy@calhfa.ca.gov', N'2021-07-22 10:40:27.667', 1);
INSERT INTO dbo.LoanStatus (LoanStatusID, LoanID, StatusCode, StatusDate, LoginName, LoginDate, StatusSequence) VALUES (2805225, 1364581, 110, N'2021-07-22 10:43:10.383', N'jkennedy@calhfa.ca.gov', N'2021-07-22 10:43:10.383', 1);
INSERT INTO dbo.LoanStatus (LoanStatusID, LoanID, StatusCode, StatusDate, LoginName, LoginDate, StatusSequence) VALUES (2805226, 1364582, 110, N'2021-07-22 10:43:10.447', N'jkennedy@calhfa.ca.gov', N'2021-07-22 10:43:10.447', 1);
INSERT INTO dbo.LoanStatus (LoanStatusID, LoanID, StatusCode, StatusDate, LoginName, LoginDate, StatusSequence) VALUES (2805227, 1364575, 420, N'2021-07-22 12:26:45.610', N'SCASLER', N'2021-07-22 12:26:45.573', 7);
INSERT INTO dbo.LoanStatus (LoanStatusID, LoanID, StatusCode, StatusDate, LoginName, LoginDate, StatusSequence) VALUES (2805228, 1364574, 420, N'2021-07-22 12:26:45.610', N'SCASLER', N'2021-07-22 12:26:45.573', 7);
INSERT INTO dbo.LoanStatus (LoanStatusID, LoanID, StatusCode, StatusDate, LoginName, LoginDate, StatusSequence) VALUES (2805229, 1364583, 120, N'2021-07-22 12:47:27.413', N'scasler@calhfa.ca.gov', N'2021-07-22 12:47:27.413', 1);
INSERT INTO dbo.LoanStatus (LoanStatusID, LoanID, StatusCode, StatusDate, LoginName, LoginDate, StatusSequence) VALUES (2805230, 1364583, 410, N'2021-07-22 12:50:27.440', N'scasler@calhfa.ca.gov', N'2021-07-22 12:50:27.440', 2);
INSERT INTO dbo.LoanStatus (LoanStatusID, LoanID, StatusCode, StatusDate, LoginName, LoginDate, StatusSequence) VALUES (2805231, 1364575, 430, N'2021-07-22 12:55:22.460', N'SCASLER', N'2021-07-22 12:55:22.423', 8);
INSERT INTO dbo.LoanStatus (LoanStatusID, LoanID, StatusCode, StatusDate, LoginName, LoginDate, StatusSequence) VALUES (2805232, 1364574, 430, N'2021-07-22 12:55:22.460', N'SCASLER', N'2021-07-22 12:55:22.423', 8);
INSERT INTO dbo.LoanStatus (LoanStatusID, LoanID, StatusCode, StatusDate, LoginName, LoginDate, StatusSequence) VALUES (2805233, 1364575, 440, N'2021-07-22 12:55:28.450', N'SCASLER', N'2021-07-22 12:55:28.397', 9);
INSERT INTO dbo.LoanStatus (LoanStatusID, LoanID, StatusCode, StatusDate, LoginName, LoginDate, StatusSequence) VALUES (2805234, 1364574, 440, N'2021-07-22 12:55:28.450', N'SCASLER', N'2021-07-22 12:55:28.397', 9);
INSERT INTO dbo.LoanStatus (LoanStatusID, LoanID, StatusCode, StatusDate, LoginName, LoginDate, StatusSequence) VALUES (2805235, 1364583, 415, N'2021-07-22 13:09:15.890', N'SCASLER', N'2021-07-22 13:09:15.840', 3);
INSERT INTO dbo.LoanStatus (LoanStatusID, LoanID, StatusCode, StatusDate, LoginName, LoginDate, StatusSequence) VALUES (2805236, 1364579, 120, N'2021-07-22 14:51:03.897', N'JKENNEDY', N'2021-07-22 14:51:03.877', 2);
INSERT INTO dbo.LoanStatus (LoanStatusID, LoanID, StatusCode, StatusDate, LoginName, LoginDate, StatusSequence) VALUES (2805237, 1364580, 120, N'2021-07-22 14:51:03.897', N'JKENNEDY', N'2021-07-22 14:51:03.877', 2);
INSERT INTO dbo.LoanStatus (LoanStatusID, LoanID, StatusCode, StatusDate, LoginName, LoginDate, StatusSequence) VALUES (2805238, 1364578, 120, N'2021-07-22 14:51:03.897', N'JKENNEDY', N'2021-07-22 14:51:03.877', 2);
INSERT INTO dbo.LoanStatus (LoanStatusID, LoanID, StatusCode, StatusDate, LoginName, LoginDate, StatusSequence) VALUES (2805239, 1364584, 110, N'2021-07-22 14:52:54.930', N'jkennedy@calhfa.ca.gov', N'2021-07-22 14:52:54.930', 1);
INSERT INTO dbo.LoanStatus (LoanStatusID, LoanID, StatusCode, StatusDate, LoginName, LoginDate, StatusSequence) VALUES (2805240, 1364585, 110, N'2021-07-22 14:52:55.087', N'jkennedy@calhfa.ca.gov', N'2021-07-22 14:52:55.087', 1);
INSERT INTO dbo.LoanStatus (LoanStatusID, LoanID, StatusCode, StatusDate, LoginName, LoginDate, StatusSequence) VALUES (2805241, 1364586, 110, N'2021-07-22 14:52:55.133', N'jkennedy@calhfa.ca.gov', N'2021-07-22 14:52:55.133', 1);
INSERT INTO dbo.LoanStatus (LoanStatusID, LoanID, StatusCode, StatusDate, LoginName, LoginDate, StatusSequence) VALUES (2805242, 1364585, 120, N'2021-07-22 14:53:18.513', N'JKENNEDY', N'2021-07-22 14:53:18.490', 2);
INSERT INTO dbo.LoanStatus (LoanStatusID, LoanID, StatusCode, StatusDate, LoginName, LoginDate, StatusSequence) VALUES (2805243, 1364586, 120, N'2021-07-22 14:53:18.513', N'JKENNEDY', N'2021-07-22 14:53:18.490', 2);
INSERT INTO dbo.LoanStatus (LoanStatusID, LoanID, StatusCode, StatusDate, LoginName, LoginDate, StatusSequence) VALUES (2805244, 1364584, 120, N'2021-07-22 14:53:18.513', N'JKENNEDY', N'2021-07-22 14:53:18.490', 2);
INSERT INTO dbo.LoanStatus (LoanStatusID, LoanID, StatusCode, StatusDate, LoginName, LoginDate, StatusSequence) VALUES (2805245, 1364585, 410, N'2021-07-22 14:53:32.710', N'JKENNEDY', N'2021-07-22 14:53:39.597', 3);
INSERT INTO dbo.LoanStatus (LoanStatusID, LoanID, StatusCode, StatusDate, LoginName, LoginDate, StatusSequence) VALUES (2805246, 1364586, 410, N'2021-07-22 14:53:32.710', N'JKENNEDY', N'2021-07-22 14:53:39.597', 3);
INSERT INTO dbo.LoanStatus (LoanStatusID, LoanID, StatusCode, StatusDate, LoginName, LoginDate, StatusSequence) VALUES (2805247, 1364584, 410, N'2021-07-22 14:53:32.710', N'JKENNEDY', N'2021-07-22 14:53:39.597', 3);
INSERT INTO dbo.LoanStatus (LoanStatusID, LoanID, StatusCode, StatusDate, LoginName, LoginDate, StatusSequence) VALUES (2805248, 1364585, 430, N'2021-07-22 14:56:20.467', N'JKENNEDY', N'2021-07-22 14:56:20.447', 4);
INSERT INTO dbo.LoanStatus (LoanStatusID, LoanID, StatusCode, StatusDate, LoginName, LoginDate, StatusSequence) VALUES (2805249, 1364586, 430, N'2021-07-22 14:56:20.467', N'JKENNEDY', N'2021-07-22 14:56:20.447', 4);
INSERT INTO dbo.LoanStatus (LoanStatusID, LoanID, StatusCode, StatusDate, LoginName, LoginDate, StatusSequence) VALUES (2805250, 1364584, 430, N'2021-07-22 14:56:20.467', N'JKENNEDY', N'2021-07-22 14:56:20.447', 4);
INSERT INTO dbo.LoanStatus (LoanStatusID, LoanID, StatusCode, StatusDate, LoginName, LoginDate, StatusSequence) VALUES (2805251, 1364585, 440, N'2021-07-22 14:56:38.387', N'JKENNEDY', N'2021-07-22 14:56:38.370', 5);
INSERT INTO dbo.LoanStatus (LoanStatusID, LoanID, StatusCode, StatusDate, LoginName, LoginDate, StatusSequence) VALUES (2805252, 1364586, 440, N'2021-07-22 14:56:38.387', N'JKENNEDY', N'2021-07-22 14:56:38.370', 5);
INSERT INTO dbo.LoanStatus (LoanStatusID, LoanID, StatusCode, StatusDate, LoginName, LoginDate, StatusSequence) VALUES (2805253, 1364584, 440, N'2021-07-22 14:56:38.387', N'JKENNEDY', N'2021-07-22 14:56:38.370', 5);
INSERT INTO dbo.LoanStatus (LoanStatusID, LoanID, StatusCode, StatusDate, LoginName, LoginDate, StatusSequence) VALUES (2805254, 1364585, 510, N'2021-07-22 14:57:36.180', N'JKENNEDY', N'2021-07-22 14:57:52.607', 6);
INSERT INTO dbo.LoanStatus (LoanStatusID, LoanID, StatusCode, StatusDate, LoginName, LoginDate, StatusSequence) VALUES (2805255, 1364587, 110, N'2021-07-22 15:02:32.727', N'jkennedy@calhfa.ca.gov', N'2021-07-22 15:02:32.727', 1);
INSERT INTO dbo.LoanStatus (LoanStatusID, LoanID, StatusCode, StatusDate, LoginName, LoginDate, StatusSequence) VALUES (2805256, 1364588, 110, N'2021-07-22 15:02:32.790', N'jkennedy@calhfa.ca.gov', N'2021-07-22 15:02:32.790', 1);
INSERT INTO dbo.LoanStatus (LoanStatusID, LoanID, StatusCode, StatusDate, LoginName, LoginDate, StatusSequence) VALUES (2805258, 1364588, 120, N'2021-07-22 15:04:26.233', N'JKENNEDY', N'2021-07-22 15:04:26.213', 2);
INSERT INTO dbo.LoanStatus (LoanStatusID, LoanID, StatusCode, StatusDate, LoginName, LoginDate, StatusSequence) VALUES (2805260, 1364587, 120, N'2021-07-22 15:04:26.233', N'JKENNEDY', N'2021-07-22 15:04:26.213', 2);
INSERT INTO dbo.LoanStatus (LoanStatusID, LoanID, StatusCode, StatusDate, LoginName, LoginDate, StatusSequence) VALUES (2805261, 1364587, 410, N'2021-07-22 15:04:32.657', N'jkennedy@calhfa.ca.gov', N'2021-07-22 15:04:32.657', 3);
INSERT INTO dbo.LoanStatus (LoanStatusID, LoanID, StatusCode, StatusDate, LoginName, LoginDate, StatusSequence) VALUES (2805266, 1364587, 410, N'2021-07-22 15:04:49.040', N'JKENNEDY', N'2021-07-22 15:04:54.987', 4);
INSERT INTO dbo.LoanStatus (LoanStatusID, LoanID, StatusCode, StatusDate, LoginName, LoginDate, StatusSequence) VALUES (2805269, 1364587, 430, N'2021-07-22 15:08:14.127', N'JKENNEDY', N'2021-07-22 15:08:14.103', 5);
INSERT INTO dbo.LoanStatus (LoanStatusID, LoanID, StatusCode, StatusDate, LoginName, LoginDate, StatusSequence) VALUES (2805272, 1364587, 440, N'2021-07-22 15:08:58.930', N'JKENNEDY', N'2021-07-22 15:08:58.900', 6);
INSERT INTO dbo.LoanStatus (LoanStatusID, LoanID, StatusCode, StatusDate, LoginName, LoginDate, StatusSequence) VALUES (2805319, 1364583, 430, N'2021-07-29 08:08:46.870', N'SCASLER', N'2021-07-29 08:08:46.973', 4);
INSERT INTO dbo.LoanStatus (LoanStatusID, LoanID, StatusCode, StatusDate, LoginName, LoginDate, StatusSequence) VALUES (2805320, 1364583, 440, N'2021-07-29 08:08:55.443', N'SCASLER', N'2021-07-29 08:08:55.430', 5);
INSERT INTO dbo.LoanStatus (LoanStatusID, LoanID, StatusCode, StatusDate, LoginName, LoginDate, StatusSequence) VALUES (2805343, 1364555, 421, N'2021-07-29 13:48:50.540', N'OCR-CLDOCS', N'2021-07-29 13:48:50.540', 3);
INSERT INTO dbo.LoanStatus (LoanStatusID, LoanID, StatusCode, StatusDate, LoginName, LoginDate, StatusSequence) VALUES (2805404, 1364585, 521, N'2021-08-03 21:43:50.887', N'OCR-CLDOCS', N'2021-08-03 21:43:50.887', 7);
INSERT INTO dbo.LoanStatus (LoanStatusID, LoanID, StatusCode, StatusDate, LoginName, LoginDate, StatusSequence) VALUES (2805421, 1364586, 510, N'2021-08-04 14:28:36.530', N'bmuheim@calhfa.ca.gov', N'2021-08-04 14:28:36.530', 6);
INSERT INTO dbo.LoanStatus (LoanStatusID, LoanID, StatusCode, StatusDate, LoginName, LoginDate, StatusSequence) VALUES (2805533, 1364545, 510, N'2021-08-16 12:55:56.970', N'ssilva@calhfa.ca.gov', N'2021-08-16 12:55:56.970', 6);
INSERT INTO dbo.LoanStatus (LoanStatusID, LoanID, StatusCode, StatusDate, LoginName, LoginDate, StatusSequence) VALUES (2805534, 1364545, 521, N'2021-08-16 13:01:50.390', N'OCR-CLDOCS', N'2021-08-16 13:01:50.390', 7);
INSERT INTO dbo.LoanStatus (LoanStatusID, LoanID, StatusCode, StatusDate, LoginName, LoginDate, StatusSequence) VALUES (2805535, 1364545, 510, N'2021-08-16 13:04:04.210', N'ssilva@calhfa.ca.gov', N'2021-08-16 13:04:04.210', 8);
INSERT INTO dbo.LoanStatus (LoanStatusID, LoanID, StatusCode, StatusDate, LoginName, LoginDate, StatusSequence) VALUES (2805631, 1364586, 515, N'2021-09-16 12:19:36.970', N'SCHINTALAPUDI', N'2021-09-16 12:19:36.970', 7);
INSERT INTO dbo.LoanStatus (LoanStatusID, LoanID, StatusCode, StatusDate, LoginName, LoginDate, StatusSequence) VALUES (2805634, 1364545, 515, N'2021-09-16 12:20:45.350', N'SCHINTALAPUDI', N'2021-09-16 12:20:45.350', 9);
INSERT INTO dbo.LoanStatus (LoanStatusID, LoanID, StatusCode, StatusDate, LoginName, LoginDate, StatusSequence) VALUES (2805257, 1364589, 110, N'2021-07-22 15:02:32.820', N'jkennedy@calhfa.ca.gov', N'2021-07-22 15:02:32.820', 1);
INSERT INTO dbo.LoanStatus (LoanStatusID, LoanID, StatusCode, StatusDate, LoginName, LoginDate, StatusSequence) VALUES (2805259, 1364589, 120, N'2021-07-22 15:04:26.233', N'JKENNEDY', N'2021-07-22 15:04:26.213', 2);
INSERT INTO dbo.LoanStatus (LoanStatusID, LoanID, StatusCode, StatusDate, LoginName, LoginDate, StatusSequence) VALUES (2805262, 1364588, 410, N'2021-07-22 15:04:32.657', N'jkennedy@calhfa.ca.gov', N'2021-07-22 15:04:32.657', 3);
INSERT INTO dbo.LoanStatus (LoanStatusID, LoanID, StatusCode, StatusDate, LoginName, LoginDate, StatusSequence) VALUES (2805263, 1364589, 410, N'2021-07-22 15:04:32.657', N'jkennedy@calhfa.ca.gov', N'2021-07-22 15:04:32.657', 3);
INSERT INTO dbo.LoanStatus (LoanStatusID, LoanID, StatusCode, StatusDate, LoginName, LoginDate, StatusSequence) VALUES (2805264, 1364588, 410, N'2021-07-22 15:04:49.040', N'JKENNEDY', N'2021-07-22 15:04:54.987', 4);
INSERT INTO dbo.LoanStatus (LoanStatusID, LoanID, StatusCode, StatusDate, LoginName, LoginDate, StatusSequence) VALUES (2805265, 1364589, 410, N'2021-07-22 15:04:49.040', N'JKENNEDY', N'2021-07-22 15:04:54.987', 4);
INSERT INTO dbo.LoanStatus (LoanStatusID, LoanID, StatusCode, StatusDate, LoginName, LoginDate, StatusSequence) VALUES (2805267, 1364588, 430, N'2021-07-22 15:08:14.127', N'JKENNEDY', N'2021-07-22 15:08:14.103', 5);
INSERT INTO dbo.LoanStatus (LoanStatusID, LoanID, StatusCode, StatusDate, LoginName, LoginDate, StatusSequence) VALUES (2805268, 1364589, 430, N'2021-07-22 15:08:14.127', N'JKENNEDY', N'2021-07-22 15:08:14.103', 5);
INSERT INTO dbo.LoanStatus (LoanStatusID, LoanID, StatusCode, StatusDate, LoginName, LoginDate, StatusSequence) VALUES (2805270, 1364588, 440, N'2021-07-22 15:08:58.930', N'JKENNEDY', N'2021-07-22 15:08:58.900', 6);
INSERT INTO dbo.LoanStatus (LoanStatusID, LoanID, StatusCode, StatusDate, LoginName, LoginDate, StatusSequence) VALUES (2805271, 1364589, 440, N'2021-07-22 15:08:58.930', N'JKENNEDY', N'2021-07-22 15:08:58.900', 6);
INSERT INTO dbo.LoanStatus (LoanStatusID, LoanID, StatusCode, StatusDate, LoginName, LoginDate, StatusSequence) VALUES (2805273, 1364588, 510, N'2021-07-22 15:14:46.960', N'jkennedy@calhfa.ca.gov', N'2021-07-22 15:14:46.960', 7);
INSERT INTO dbo.LoanStatus (LoanStatusID, LoanID, StatusCode, StatusDate, LoginName, LoginDate, StatusSequence) VALUES (2805274, 1364588, 515, N'2021-07-22 15:20:29.073', N'JKENNEDY', N'2021-07-22 15:20:29.040', 8);
INSERT INTO dbo.LoanStatus (LoanStatusID, LoanID, StatusCode, StatusDate, LoginName, LoginDate, StatusSequence) VALUES (2805275, 1364590, 110, N'2021-07-25 12:10:28.713', N'pkarthic@calhfa.ca.gov', N'2021-07-25 12:10:28.713', 1);
INSERT INTO dbo.LoanStatus (LoanStatusID, LoanID, StatusCode, StatusDate, LoginName, LoginDate, StatusSequence) VALUES (2805276, 1364590, 120, N'2021-07-25 12:18:48.247', N'pkarthic', N'2021-07-25 12:18:48.247', 2);
INSERT INTO dbo.LoanStatus (LoanStatusID, LoanID, StatusCode, StatusDate, LoginName, LoginDate, StatusSequence) VALUES (2805277, 1364590, 410, N'2021-07-25 12:19:08.810', N'pkarthic@calhfa.ca.gov', N'2021-07-25 12:19:08.810', 3);
INSERT INTO dbo.LoanStatus (LoanStatusID, LoanID, StatusCode, StatusDate, LoginName, LoginDate, StatusSequence) VALUES (2805278, 1364590, 420, N'2021-07-25 12:25:39.933', N'PKARTHIC', N'2021-07-25 12:25:39.977', 4);
INSERT INTO dbo.LoanStatus (LoanStatusID, LoanID, StatusCode, StatusDate, LoginName, LoginDate, StatusSequence) VALUES (2805279, 1364590, 422, N'2021-07-25 12:27:09.477', N'pkarthic@calhfa.ca.gov', N'2021-07-25 12:27:09.477', 5);
INSERT INTO dbo.LoanStatus (LoanStatusID, LoanID, StatusCode, StatusDate, LoginName, LoginDate, StatusSequence) VALUES (2805280, 1364590, 421, N'2021-07-25 12:27:35.177', N'pkarthic', N'2021-07-25 12:27:35.177', 6);
INSERT INTO dbo.LoanStatus (LoanStatusID, LoanID, StatusCode, StatusDate, LoginName, LoginDate, StatusSequence) VALUES (2805282, 1364591, 110, N'2021-07-26 14:40:09.510', N'jkennedy@calhfa.ca.gov', N'2021-07-26 14:40:09.510', 1);
INSERT INTO dbo.LoanStatus (LoanStatusID, LoanID, StatusCode, StatusDate, LoginName, LoginDate, StatusSequence) VALUES (2805283, 1364592, 110, N'2021-07-26 14:40:09.697', N'jkennedy@calhfa.ca.gov', N'2021-07-26 14:40:09.697', 1);
INSERT INTO dbo.LoanStatus (LoanStatusID, LoanID, StatusCode, StatusDate, LoginName, LoginDate, StatusSequence) VALUES (2805284, 1364592, 120, N'2021-07-26 14:42:43.420', N'JKENNEDY', N'2021-07-26 14:42:43.503', 2);
INSERT INTO dbo.LoanStatus (LoanStatusID, LoanID, StatusCode, StatusDate, LoginName, LoginDate, StatusSequence) VALUES (2805285, 1364591, 120, N'2021-07-26 14:42:43.420', N'JKENNEDY', N'2021-07-26 14:42:43.503', 2);
INSERT INTO dbo.LoanStatus (LoanStatusID, LoanID, StatusCode, StatusDate, LoginName, LoginDate, StatusSequence) VALUES (2805286, 1364593, 120, N'2021-07-28 11:06:05.773', N'bmuheim@calhfa.ca.gov', N'2021-07-28 11:06:05.773', 1);
INSERT INTO dbo.LoanStatus (LoanStatusID, LoanID, StatusCode, StatusDate, LoginName, LoginDate, StatusSequence) VALUES (2805287, 1364594, 120, N'2021-07-28 11:06:05.947', N'bmuheim@calhfa.ca.gov', N'2021-07-28 11:06:05.947', 1);
INSERT INTO dbo.LoanStatus (LoanStatusID, LoanID, StatusCode, StatusDate, LoginName, LoginDate, StatusSequence) VALUES (2805288, 1364595, 120, N'2021-07-28 11:06:05.977', N'bmuheim@calhfa.ca.gov', N'2021-07-28 11:06:05.977', 1);
INSERT INTO dbo.LoanStatus (LoanStatusID, LoanID, StatusCode, StatusDate, LoginName, LoginDate, StatusSequence) VALUES (2805289, 1364596, 120, N'2021-07-28 11:31:21.697', N'bmuheim@calhfa.ca.gov', N'2021-07-28 11:31:21.697', 1);
INSERT INTO dbo.LoanStatus (LoanStatusID, LoanID, StatusCode, StatusDate, LoginName, LoginDate, StatusSequence) VALUES (2805290, 1364597, 120, N'2021-07-28 11:31:21.823', N'bmuheim@calhfa.ca.gov', N'2021-07-28 11:31:21.823', 1);
INSERT INTO dbo.LoanStatus (LoanStatusID, LoanID, StatusCode, StatusDate, LoginName, LoginDate, StatusSequence) VALUES (2805291, 1364598, 120, N'2021-07-28 11:31:21.840', N'bmuheim@calhfa.ca.gov', N'2021-07-28 11:31:21.840', 1);
INSERT INTO dbo.LoanStatus (LoanStatusID, LoanID, StatusCode, StatusDate, LoginName, LoginDate, StatusSequence) VALUES (2805292, 1364596, 410, N'2021-07-28 11:34:46.427', N'bmuheim@calhfa.ca.gov', N'2021-07-28 11:34:46.427', 2);
INSERT INTO dbo.LoanStatus (LoanStatusID, LoanID, StatusCode, StatusDate, LoginName, LoginDate, StatusSequence) VALUES (2805293, 1364597, 410, N'2021-07-28 11:34:46.460', N'bmuheim@calhfa.ca.gov', N'2021-07-28 11:34:46.460', 2);
INSERT INTO dbo.LoanStatus (LoanStatusID, LoanID, StatusCode, StatusDate, LoginName, LoginDate, StatusSequence) VALUES (2805294, 1364598, 410, N'2021-07-28 11:34:46.460', N'bmuheim@calhfa.ca.gov', N'2021-07-28 11:34:46.460', 2);
INSERT INTO dbo.LoanStatus (LoanStatusID, LoanID, StatusCode, StatusDate, LoginName, LoginDate, StatusSequence) VALUES (2805295, 1364593, 410, N'2021-07-28 11:35:08.167', N'bmuheim@calhfa.ca.gov', N'2021-07-28 11:35:08.167', 2);
INSERT INTO dbo.LoanStatus (LoanStatusID, LoanID, StatusCode, StatusDate, LoginName, LoginDate, StatusSequence) VALUES (2805296, 1364594, 410, N'2021-07-28 11:35:08.167', N'bmuheim@calhfa.ca.gov', N'2021-07-28 11:35:08.167', 2);
INSERT INTO dbo.LoanStatus (LoanStatusID, LoanID, StatusCode, StatusDate, LoginName, LoginDate, StatusSequence) VALUES (2805297, 1364595, 410, N'2021-07-28 11:35:08.167', N'bmuheim@calhfa.ca.gov', N'2021-07-28 11:35:08.167', 2);
INSERT INTO dbo.LoanStatus (LoanStatusID, LoanID, StatusCode, StatusDate, LoginName, LoginDate, StatusSequence) VALUES (2805298, 1364591, 410, N'2021-07-28 11:53:24.040', N'jkennedy@calhfa.ca.gov', N'2021-07-28 11:53:24.040', 3);
INSERT INTO dbo.LoanStatus (LoanStatusID, LoanID, StatusCode, StatusDate, LoginName, LoginDate, StatusSequence) VALUES (2805299, 1364592, 410, N'2021-07-28 11:53:24.053', N'jkennedy@calhfa.ca.gov', N'2021-07-28 11:53:24.053', 3);
INSERT INTO dbo.LoanStatus (LoanStatusID, LoanID, StatusCode, StatusDate, LoginName, LoginDate, StatusSequence) VALUES (2805300, 1364599, 110, N'2021-07-28 11:54:09.607', N'jkennedy@calhfa.ca.gov', N'2021-07-28 11:54:09.607', 1);
INSERT INTO dbo.LoanStatus (LoanStatusID, LoanID, StatusCode, StatusDate, LoginName, LoginDate, StatusSequence) VALUES (2805301, 1364600, 110, N'2021-07-28 11:54:09.700', N'jkennedy@calhfa.ca.gov', N'2021-07-28 11:54:09.700', 1);
INSERT INTO dbo.LoanStatus (LoanStatusID, LoanID, StatusCode, StatusDate, LoginName, LoginDate, StatusSequence) VALUES (2805302, 1364600, 120, N'2021-07-28 11:56:06.740', N'JKENNEDY', N'2021-07-28 11:56:06.940', 2);
INSERT INTO dbo.LoanStatus (LoanStatusID, LoanID, StatusCode, StatusDate, LoginName, LoginDate, StatusSequence) VALUES (2805303, 1364599, 120, N'2021-07-28 11:56:06.740', N'JKENNEDY', N'2021-07-28 11:56:06.940', 2);
INSERT INTO dbo.LoanStatus (LoanStatusID, LoanID, StatusCode, StatusDate, LoginName, LoginDate, StatusSequence) VALUES (2805305, 1364600, 410, N'2021-07-28 11:56:15.717', N'jkennedy@calhfa.ca.gov', N'2021-07-28 11:56:15.717', 3);
INSERT INTO dbo.LoanStatus (LoanStatusID, LoanID, StatusCode, StatusDate, LoginName, LoginDate, StatusSequence) VALUES (2805306, 1364593, 421, N'2021-07-28 12:00:50.397', N'OCR-CLDOCS', N'2021-07-28 12:00:50.397', 3);
INSERT INTO dbo.LoanStatus (LoanStatusID, LoanID, StatusCode, StatusDate, LoginName, LoginDate, StatusSequence) VALUES (2805307, 1364596, 421, N'2021-07-28 12:00:50.573', N'OCR-CLDOCS', N'2021-07-28 12:00:50.573', 3);
INSERT INTO dbo.LoanStatus (LoanStatusID, LoanID, StatusCode, StatusDate, LoginName, LoginDate, StatusSequence) VALUES (2805309, 1364596, 410, N'2021-07-28 14:10:42.860', N'bmuheim@calhfa.ca.gov', N'2021-07-28 14:10:42.860', 4);
INSERT INTO dbo.LoanStatus (LoanStatusID, LoanID, StatusCode, StatusDate, LoginName, LoginDate, StatusSequence) VALUES (2805310, 1364596, 421, N'2021-07-28 14:12:50.403', N'OCR-CLDOCS', N'2021-07-28 14:12:50.403', 5);
INSERT INTO dbo.LoanStatus (LoanStatusID, LoanID, StatusCode, StatusDate, LoginName, LoginDate, StatusSequence) VALUES (2805311, 1364596, 410, N'2021-07-28 14:19:23.010', N'bmuheim@calhfa.ca.gov', N'2021-07-28 14:19:23.010', 6);
INSERT INTO dbo.LoanStatus (LoanStatusID, LoanID, StatusCode, StatusDate, LoginName, LoginDate, StatusSequence) VALUES (2805312, 1364596, 421, N'2021-07-28 14:22:50.397', N'OCR-CLDOCS', N'2021-07-28 14:22:50.397', 7);
INSERT INTO dbo.LoanStatus (LoanStatusID, LoanID, StatusCode, StatusDate, LoginName, LoginDate, StatusSequence) VALUES (2805313, 1364596, 410, N'2021-07-28 14:25:51.870', N'bmuheim@calhfa.ca.gov', N'2021-07-28 14:25:51.870', 8);
INSERT INTO dbo.LoanStatus (LoanStatusID, LoanID, StatusCode, StatusDate, LoginName, LoginDate, StatusSequence) VALUES (2805314, 1364596, 421, N'2021-07-28 14:41:50.403', N'OCR-CLDOCS', N'2021-07-28 14:41:50.403', 9);
INSERT INTO dbo.LoanStatus (LoanStatusID, LoanID, StatusCode, StatusDate, LoginName, LoginDate, StatusSequence) VALUES (2805315, 1364601, 120, N'2021-07-29 08:05:23.273', N'scasler@calhfa.ca.gov', N'2021-07-29 08:05:23.273', 1);
INSERT INTO dbo.LoanStatus (LoanStatusID, LoanID, StatusCode, StatusDate, LoginName, LoginDate, StatusSequence) VALUES (2805316, 1364602, 120, N'2021-07-29 08:05:23.430', N'scasler@calhfa.ca.gov', N'2021-07-29 08:05:23.430', 1);
INSERT INTO dbo.LoanStatus (LoanStatusID, LoanID, StatusCode, StatusDate, LoginName, LoginDate, StatusSequence) VALUES (2805317, 1364601, 410, N'2021-07-29 08:06:57.317', N'scasler@calhfa.ca.gov', N'2021-07-29 08:06:57.317', 2);
INSERT INTO dbo.LoanStatus (LoanStatusID, LoanID, StatusCode, StatusDate, LoginName, LoginDate, StatusSequence) VALUES (2805318, 1364602, 410, N'2021-07-29 08:06:57.317', N'scasler@calhfa.ca.gov', N'2021-07-29 08:06:57.317', 2);
INSERT INTO dbo.LoanStatus (LoanStatusID, LoanID, StatusCode, StatusDate, LoginName, LoginDate, StatusSequence) VALUES (2805321, 1364602, 430, N'2021-07-29 08:23:15.830', N'SCASLER', N'2021-07-29 08:23:15.810', 3);
INSERT INTO dbo.LoanStatus (LoanStatusID, LoanID, StatusCode, StatusDate, LoginName, LoginDate, StatusSequence) VALUES (2805322, 1364601, 430, N'2021-07-29 08:23:15.830', N'SCASLER', N'2021-07-29 08:23:15.810', 3);
INSERT INTO dbo.LoanStatus (LoanStatusID, LoanID, StatusCode, StatusDate, LoginName, LoginDate, StatusSequence) VALUES (2805323, 1364602, 440, N'2021-07-29 08:24:03.213', N'SCASLER', N'2021-07-29 08:24:03.187', 4);
INSERT INTO dbo.LoanStatus (LoanStatusID, LoanID, StatusCode, StatusDate, LoginName, LoginDate, StatusSequence) VALUES (2805324, 1364601, 440, N'2021-07-29 08:24:03.213', N'SCASLER', N'2021-07-29 08:24:03.187', 4);
INSERT INTO dbo.LoanStatus (LoanStatusID, LoanID, StatusCode, StatusDate, LoginName, LoginDate, StatusSequence) VALUES (2805325, 1364602, 510, N'2021-07-29 08:42:40.863', N'SCASLER', N'2021-07-29 08:42:54.990', 5);
INSERT INTO dbo.LoanStatus (LoanStatusID, LoanID, StatusCode, StatusDate, LoginName, LoginDate, StatusSequence) VALUES (2805326, 1364602, 515, N'2021-07-29 08:43:18.550', N'SCASLER', N'2021-07-29 08:43:18.533', 6);
INSERT INTO dbo.LoanStatus (LoanStatusID, LoanID, StatusCode, StatusDate, LoginName, LoginDate, StatusSequence) VALUES (2805327, 1364602, 527, N'2021-07-29 10:53:53.343', N'SCASLER', N'2021-07-29 10:53:53.367', 7);
INSERT INTO dbo.LoanStatus (LoanStatusID, LoanID, StatusCode, StatusDate, LoginName, LoginDate, StatusSequence) VALUES (2805330, 1364596, 410, N'2021-05-20 11:22:56.167', N'bmuheim@calhfa.ca.gov', N'2021-07-29 11:59:52.077', 10);
INSERT INTO dbo.LoanStatus (LoanStatusID, LoanID, StatusCode, StatusDate, LoginName, LoginDate, StatusSequence) VALUES (2805331, 1364596, 415, N'2021-07-29 12:10:32.703', N'BMUHEIM', N'2021-07-29 12:10:32.703', 11);
INSERT INTO dbo.LoanStatus (LoanStatusID, LoanID, StatusCode, StatusDate, LoginName, LoginDate, StatusSequence) VALUES (2805332, 1364597, 415, N'2021-07-29 12:10:32.703', N'BMUHEIM', N'2021-07-29 12:10:32.703', 3);
INSERT INTO dbo.LoanStatus (LoanStatusID, LoanID, StatusCode, StatusDate, LoginName, LoginDate, StatusSequence) VALUES (2805333, 1364598, 415, N'2021-07-29 12:10:32.703', N'BMUHEIM', N'2021-07-29 12:10:32.703', 3);
INSERT INTO dbo.LoanStatus (LoanStatusID, LoanID, StatusCode, StatusDate, LoginName, LoginDate, StatusSequence) VALUES (2805335, 1364599, 410, N'2021-07-29 12:19:13.790', N'bmuheim@calhfa.ca.gov', N'2021-07-29 12:19:13.790', 3);
INSERT INTO dbo.LoanStatus (LoanStatusID, LoanID, StatusCode, StatusDate, LoginName, LoginDate, StatusSequence) VALUES (2805336, 1364603, 120, N'2021-07-29 13:42:12.577', N'bmuheim@calhfa.ca.gov', N'2021-07-29 13:42:12.577', 1);
INSERT INTO dbo.LoanStatus (LoanStatusID, LoanID, StatusCode, StatusDate, LoginName, LoginDate, StatusSequence) VALUES (2805337, 1364604, 120, N'2021-07-29 13:42:12.733', N'bmuheim@calhfa.ca.gov', N'2021-07-29 13:42:12.733', 1);
INSERT INTO dbo.LoanStatus (LoanStatusID, LoanID, StatusCode, StatusDate, LoginName, LoginDate, StatusSequence) VALUES (2805338, 1364605, 120, N'2021-07-29 13:42:12.767', N'bmuheim@calhfa.ca.gov', N'2021-07-29 13:42:12.767', 1);
INSERT INTO dbo.LoanStatus (LoanStatusID, LoanID, StatusCode, StatusDate, LoginName, LoginDate, StatusSequence) VALUES (2805339, 1364603, 410, N'2021-07-29 13:45:54.287', N'bmuheim@calhfa.ca.gov', N'2021-07-29 13:45:54.287', 2);
INSERT INTO dbo.LoanStatus (LoanStatusID, LoanID, StatusCode, StatusDate, LoginName, LoginDate, StatusSequence) VALUES (2805340, 1364604, 410, N'2021-07-29 13:45:54.287', N'bmuheim@calhfa.ca.gov', N'2021-07-29 13:45:54.287', 2);
INSERT INTO dbo.LoanStatus (LoanStatusID, LoanID, StatusCode, StatusDate, LoginName, LoginDate, StatusSequence) VALUES (2805341, 1364605, 410, N'2021-07-29 13:45:54.287', N'bmuheim@calhfa.ca.gov', N'2021-07-29 13:45:54.287', 2);
INSERT INTO dbo.LoanStatus (LoanStatusID, LoanID, StatusCode, StatusDate, LoginName, LoginDate, StatusSequence) VALUES (2805344, 1364591, 421, N'2021-07-29 13:49:50.410', N'OCR-CLDOCS', N'2021-07-29 13:49:50.410', 4);
INSERT INTO dbo.LoanStatus (LoanStatusID, LoanID, StatusCode, StatusDate, LoginName, LoginDate, StatusSequence) VALUES (2805345, 1364601, 421, N'2021-07-29 13:49:50.550', N'OCR-CLDOCS', N'2021-07-29 13:49:50.550', 5);
INSERT INTO dbo.LoanStatus (LoanStatusID, LoanID, StatusCode, StatusDate, LoginName, LoginDate, StatusSequence) VALUES (2805346, 1364599, 415, N'2021-07-29 13:52:29.140', N'SCASLER', N'2021-07-29 13:52:29.140', 4);
INSERT INTO dbo.LoanStatus (LoanStatusID, LoanID, StatusCode, StatusDate, LoginName, LoginDate, StatusSequence) VALUES (2805347, 1364600, 415, N'2021-07-29 13:52:29.140', N'SCASLER', N'2021-07-29 13:52:29.140', 4);
INSERT INTO dbo.LoanStatus (LoanStatusID, LoanID, StatusCode, StatusDate, LoginName, LoginDate, StatusSequence) VALUES (2805348, 1364603, 421, N'2021-07-29 14:00:49.527', N'OCR-CLDOCS', N'2021-07-29 14:00:49.527', 3);
INSERT INTO dbo.LoanStatus (LoanStatusID, LoanID, StatusCode, StatusDate, LoginName, LoginDate, StatusSequence) VALUES (2805349, 1364603, 410, N'2021-07-29 14:04:17.200', N'bmuheim@calhfa.ca.gov', N'2021-07-29 14:04:17.200', 4);
INSERT INTO dbo.LoanStatus (LoanStatusID, LoanID, StatusCode, StatusDate, LoginName, LoginDate, StatusSequence) VALUES (2805350, 1364597, 420, N'2021-07-29 14:20:26.583', N'BMUHEIM', N'2021-07-29 14:20:26.613', 4);
INSERT INTO dbo.LoanStatus (LoanStatusID, LoanID, StatusCode, StatusDate, LoginName, LoginDate, StatusSequence) VALUES (2805351, 1364598, 420, N'2021-07-29 14:20:26.583', N'BMUHEIM', N'2021-07-29 14:20:26.613', 4);
INSERT INTO dbo.LoanStatus (LoanStatusID, LoanID, StatusCode, StatusDate, LoginName, LoginDate, StatusSequence) VALUES (2805352, 1364596, 420, N'2021-07-29 14:20:26.583', N'BMUHEIM', N'2021-07-29 14:20:26.613', 12);
INSERT INTO dbo.LoanStatus (LoanStatusID, LoanID, StatusCode, StatusDate, LoginName, LoginDate, StatusSequence) VALUES (2805353, 1364601, 410, N'2021-07-29 14:30:46.460', N'scasler@calhfa.ca.gov', N'2021-07-29 14:30:46.460', 6);
INSERT INTO dbo.LoanStatus (LoanStatusID, LoanID, StatusCode, StatusDate, LoginName, LoginDate, StatusSequence) VALUES (2805354, 1364601, 430, N'2021-07-29 14:50:45.233', N'SCASLER', N'2021-07-29 14:50:45.213', 7);
INSERT INTO dbo.LoanStatus (LoanStatusID, LoanID, StatusCode, StatusDate, LoginName, LoginDate, StatusSequence) VALUES (2805355, 1364601, 440, N'2021-07-29 14:50:50.430', N'SCASLER', N'2021-07-29 14:50:50.407', 8);
INSERT INTO dbo.LoanStatus (LoanStatusID, LoanID, StatusCode, StatusDate, LoginName, LoginDate, StatusSequence) VALUES (2805356, 1364602, 520, N'2021-07-29 15:13:07.583', N'SCASLER', N'2021-07-29 15:13:07.590', 8);
INSERT INTO dbo.LoanStatus (LoanStatusID, LoanID, StatusCode, StatusDate, LoginName, LoginDate, StatusSequence) VALUES (2805357, 1364600, 420, N'2021-07-29 15:14:34.887', N'SCASLER', N'2021-07-29 15:14:34.840', 5);
INSERT INTO dbo.LoanStatus (LoanStatusID, LoanID, StatusCode, StatusDate, LoginName, LoginDate, StatusSequence) VALUES (2805358, 1364599, 420, N'2021-07-29 15:14:34.887', N'SCASLER', N'2021-07-29 15:14:34.840', 5);
INSERT INTO dbo.LoanStatus (LoanStatusID, LoanID, StatusCode, StatusDate, LoginName, LoginDate, StatusSequence) VALUES (2805359, 1364603, 415, N'2021-07-29 15:14:51.330', N'SCASLER', N'2021-07-29 15:14:51.330', 5);
INSERT INTO dbo.LoanStatus (LoanStatusID, LoanID, StatusCode, StatusDate, LoginName, LoginDate, StatusSequence) VALUES (2805360, 1364604, 415, N'2021-07-29 15:14:51.330', N'SCASLER', N'2021-07-29 15:14:51.330', 3);
INSERT INTO dbo.LoanStatus (LoanStatusID, LoanID, StatusCode, StatusDate, LoginName, LoginDate, StatusSequence) VALUES (2805361, 1364605, 415, N'2021-07-29 15:14:51.330', N'SCASLER', N'2021-07-29 15:14:51.330', 3);
INSERT INTO dbo.LoanStatus (LoanStatusID, LoanID, StatusCode, StatusDate, LoginName, LoginDate, StatusSequence) VALUES (2805362, 1364604, 430, N'2021-07-29 15:15:56.000', N'SCASLER', N'2021-07-29 15:15:55.957', 4);
INSERT INTO dbo.LoanStatus (LoanStatusID, LoanID, StatusCode, StatusDate, LoginName, LoginDate, StatusSequence) VALUES (2805363, 1364605, 430, N'2021-07-29 15:15:56.000', N'SCASLER', N'2021-07-29 15:15:55.957', 4);
INSERT INTO dbo.LoanStatus (LoanStatusID, LoanID, StatusCode, StatusDate, LoginName, LoginDate, StatusSequence) VALUES (2805364, 1364603, 430, N'2021-07-29 15:15:56.000', N'SCASLER', N'2021-07-29 15:15:55.957', 6);
INSERT INTO dbo.LoanStatus (LoanStatusID, LoanID, StatusCode, StatusDate, LoginName, LoginDate, StatusSequence) VALUES (2805365, 1364604, 440, N'2021-07-29 15:16:05.080', N'SCASLER', N'2021-07-29 15:16:05.137', 5);
INSERT INTO dbo.LoanStatus (LoanStatusID, LoanID, StatusCode, StatusDate, LoginName, LoginDate, StatusSequence) VALUES (2805366, 1364605, 440, N'2021-07-29 15:16:05.080', N'SCASLER', N'2021-07-29 15:16:05.137', 5);
INSERT INTO dbo.LoanStatus (LoanStatusID, LoanID, StatusCode, StatusDate, LoginName, LoginDate, StatusSequence) VALUES (2805367, 1364603, 440, N'2021-07-29 15:16:05.080', N'SCASLER', N'2021-07-29 15:16:05.137', 7);
INSERT INTO dbo.LoanStatus (LoanStatusID, LoanID, StatusCode, StatusDate, LoginName, LoginDate, StatusSequence) VALUES (2805368, 1364604, 510, N'2021-07-29 15:43:01.717', N'bmuheim@calhfa.ca.gov', N'2021-07-29 15:43:01.717', 6);
INSERT INTO dbo.LoanStatus (LoanStatusID, LoanID, StatusCode, StatusDate, LoginName, LoginDate, StatusSequence) VALUES (2805369, 1364605, 510, N'2021-07-29 15:45:25.297', N'bmuheim@calhfa.ca.gov', N'2021-07-29 15:45:25.297', 6);
INSERT INTO dbo.LoanStatus (LoanStatusID, LoanID, StatusCode, StatusDate, LoginName, LoginDate, StatusSequence) VALUES (2805370, 1364606, 120, N'2021-07-29 17:30:37.340', N'schintalapudi@CalHFA.ca.gov', N'2021-07-29 17:30:37.340', 1);
INSERT INTO dbo.LoanStatus (LoanStatusID, LoanID, StatusCode, StatusDate, LoginName, LoginDate, StatusSequence) VALUES (2805371, 1364607, 120, N'2021-07-29 17:30:37.497', N'schintalapudi@CalHFA.ca.gov', N'2021-07-29 17:30:37.497', 1);
INSERT INTO dbo.LoanStatus (LoanStatusID, LoanID, StatusCode, StatusDate, LoginName, LoginDate, StatusSequence) VALUES (2805372, 1364608, 120, N'2021-07-29 18:33:06.050', N'schintalapudi@CalHFA.ca.gov', N'2021-07-29 18:33:06.050', 1);
INSERT INTO dbo.LoanStatus (LoanStatusID, LoanID, StatusCode, StatusDate, LoginName, LoginDate, StatusSequence) VALUES (2805373, 1364609, 120, N'2021-07-29 18:33:06.220', N'schintalapudi@CalHFA.ca.gov', N'2021-07-29 18:33:06.220', 1);
INSERT INTO dbo.LoanStatus (LoanStatusID, LoanID, StatusCode, StatusDate, LoginName, LoginDate, StatusSequence) VALUES (2805374, 1364610, 120, N'2021-07-29 18:33:06.270', N'schintalapudi@CalHFA.ca.gov', N'2021-07-29 18:33:06.270', 1);
INSERT INTO dbo.LoanStatus (LoanStatusID, LoanID, StatusCode, StatusDate, LoginName, LoginDate, StatusSequence) VALUES (2805375, 1364611, 120, N'2021-07-30 13:40:39.037', N'schintalapudi@CalHFA.ca.gov', N'2021-07-30 13:40:39.037', 1);
INSERT INTO dbo.LoanStatus (LoanStatusID, LoanID, StatusCode, StatusDate, LoginName, LoginDate, StatusSequence) VALUES (2805376, 1364612, 120, N'2021-07-30 13:40:39.207', N'schintalapudi@CalHFA.ca.gov', N'2021-07-30 13:40:39.207', 1);
INSERT INTO dbo.LoanStatus (LoanStatusID, LoanID, StatusCode, StatusDate, LoginName, LoginDate, StatusSequence) VALUES (2805377, 1364613, 120, N'2021-07-30 14:46:26.073', N'schintalapudi@CalHFA.ca.gov', N'2021-07-30 14:46:26.073', 1);
INSERT INTO dbo.LoanStatus (LoanStatusID, LoanID, StatusCode, StatusDate, LoginName, LoginDate, StatusSequence) VALUES (2805378, 1364614, 120, N'2021-07-30 14:46:26.247', N'schintalapudi@CalHFA.ca.gov', N'2021-07-30 14:46:26.247', 1);
INSERT INTO dbo.LoanStatus (LoanStatusID, LoanID, StatusCode, StatusDate, LoginName, LoginDate, StatusSequence) VALUES (2805379, 1364615, 120, N'2021-07-30 15:10:06.280', N'schintalapudi@CalHFA.ca.gov', N'2021-07-30 15:10:06.280', 1);
INSERT INTO dbo.LoanStatus (LoanStatusID, LoanID, StatusCode, StatusDate, LoginName, LoginDate, StatusSequence) VALUES (2805380, 1364616, 120, N'2021-07-30 15:10:06.343', N'schintalapudi@CalHFA.ca.gov', N'2021-07-30 15:10:06.343', 1);
INSERT INTO dbo.LoanStatus (LoanStatusID, LoanID, StatusCode, StatusDate, LoginName, LoginDate, StatusSequence) VALUES (2805381, 1364617, 120, N'2021-07-30 16:07:17.130', N'schintalapudi@CalHFA.ca.gov', N'2021-07-30 16:07:17.130', 1);
INSERT INTO dbo.LoanStatus (LoanStatusID, LoanID, StatusCode, StatusDate, LoginName, LoginDate, StatusSequence) VALUES (2805382, 1364618, 120, N'2021-07-30 16:07:17.287', N'schintalapudi@CalHFA.ca.gov', N'2021-07-30 16:07:17.287', 1);
INSERT INTO dbo.LoanStatus (LoanStatusID, LoanID, StatusCode, StatusDate, LoginName, LoginDate, StatusSequence) VALUES (2805383, 1364619, 120, N'2021-07-30 16:07:17.320', N'schintalapudi@CalHFA.ca.gov', N'2021-07-30 16:07:17.320', 1);
INSERT INTO dbo.LoanStatus (LoanStatusID, LoanID, StatusCode, StatusDate, LoginName, LoginDate, StatusSequence) VALUES (2805384, 1364620, 110, N'2021-08-01 18:36:08.807', N'pkarthic@calhfa.ca.gov', N'2021-08-01 18:36:08.807', 1);
INSERT INTO dbo.LoanStatus (LoanStatusID, LoanID, StatusCode, StatusDate, LoginName, LoginDate, StatusSequence) VALUES (2805385, 1364621, 110, N'2021-08-01 18:36:09.137', N'pkarthic@calhfa.ca.gov', N'2021-08-01 18:36:09.137', 1);
INSERT INTO dbo.LoanStatus (LoanStatusID, LoanID, StatusCode, StatusDate, LoginName, LoginDate, StatusSequence) VALUES (2805386, 1364622, 120, N'2021-08-02 14:13:34.820', N'schintalapudi@CalHFA.ca.gov', N'2021-08-02 14:13:34.820', 1);
INSERT INTO dbo.LoanStatus (LoanStatusID, LoanID, StatusCode, StatusDate, LoginName, LoginDate, StatusSequence) VALUES (2805387, 1364623, 120, N'2021-08-02 14:13:34.883', N'schintalapudi@CalHFA.ca.gov', N'2021-08-02 14:13:34.883', 1);
INSERT INTO dbo.LoanStatus (LoanStatusID, LoanID, StatusCode, StatusDate, LoginName, LoginDate, StatusSequence) VALUES (2805388, 1364624, 120, N'2021-08-02 15:42:23.330', N'schintalapudi@CalHFA.ca.gov', N'2021-08-02 15:42:23.330', 1);
INSERT INTO dbo.LoanStatus (LoanStatusID, LoanID, StatusCode, StatusDate, LoginName, LoginDate, StatusSequence) VALUES (2805389, 1364625, 120, N'2021-08-02 15:42:23.503', N'schintalapudi@CalHFA.ca.gov', N'2021-08-02 15:42:23.503', 1);
INSERT INTO dbo.LoanStatus (LoanStatusID, LoanID, StatusCode, StatusDate, LoginName, LoginDate, StatusSequence) VALUES (2805390, 1364626, 120, N'2021-08-02 15:42:23.533', N'schintalapudi@CalHFA.ca.gov', N'2021-08-02 15:42:23.533', 1);
INSERT INTO dbo.LoanStatus (LoanStatusID, LoanID, StatusCode, StatusDate, LoginName, LoginDate, StatusSequence) VALUES (2805391, 1364627, 120, N'2021-08-02 17:38:32.487', N'schintalapudi@CalHFA.ca.gov', N'2021-08-02 17:38:32.487', 1);
INSERT INTO dbo.LoanStatus (LoanStatusID, LoanID, StatusCode, StatusDate, LoginName, LoginDate, StatusSequence) VALUES (2805392, 1364628, 120, N'2021-08-02 17:38:32.547', N'schintalapudi@CalHFA.ca.gov', N'2021-08-02 17:38:32.547', 1);
INSERT INTO dbo.LoanStatus (LoanStatusID, LoanID, StatusCode, StatusDate, LoginName, LoginDate, StatusSequence) VALUES (2805393, 1364629, 120, N'2021-08-02 17:38:32.563', N'schintalapudi@CalHFA.ca.gov', N'2021-08-02 17:38:32.563', 1);
INSERT INTO dbo.LoanStatus (LoanStatusID, LoanID, StatusCode, StatusDate, LoginName, LoginDate, StatusSequence) VALUES (2805395, 1364630, 120, N'2021-08-03 12:04:06.600', N'bmuheim@calhfa.ca.gov', N'2021-08-03 12:04:06.600', 1);
INSERT INTO dbo.LoanStatus (LoanStatusID, LoanID, StatusCode, StatusDate, LoginName, LoginDate, StatusSequence) VALUES (2805396, 1364631, 120, N'2021-08-03 12:04:06.773', N'bmuheim@calhfa.ca.gov', N'2021-08-03 12:04:06.773', 1);
INSERT INTO dbo.LoanStatus (LoanStatusID, LoanID, StatusCode, StatusDate, LoginName, LoginDate, StatusSequence) VALUES (2805397, 1364632, 120, N'2021-08-03 12:38:21.120', N'schintalapudi@CalHFA.ca.gov', N'2021-08-03 12:38:21.120', 1);
INSERT INTO dbo.LoanStatus (LoanStatusID, LoanID, StatusCode, StatusDate, LoginName, LoginDate, StatusSequence) VALUES (2805398, 1364633, 120, N'2021-08-03 12:38:21.183', N'schintalapudi@CalHFA.ca.gov', N'2021-08-03 12:38:21.183', 1);
INSERT INTO dbo.LoanStatus (LoanStatusID, LoanID, StatusCode, StatusDate, LoginName, LoginDate, StatusSequence) VALUES (2805399, 1364634, 110, N'2021-08-03 13:29:12.250', N'schintalapudi@CalHFA.ca.gov', N'2021-08-03 13:29:12.250', 1);
INSERT INTO dbo.LoanStatus (LoanStatusID, LoanID, StatusCode, StatusDate, LoginName, LoginDate, StatusSequence) VALUES (2805400, 1364635, 110, N'2021-08-03 13:29:12.483', N'schintalapudi@CalHFA.ca.gov', N'2021-08-03 13:29:12.483', 1);
INSERT INTO dbo.LoanStatus (LoanStatusID, LoanID, StatusCode, StatusDate, LoginName, LoginDate, StatusSequence) VALUES (2805401, 1364636, 120, N'2021-08-03 15:58:59.493', N'schintalapudi', N'2021-08-03 15:58:59.493', 1);
INSERT INTO dbo.LoanStatus (LoanStatusID, LoanID, StatusCode, StatusDate, LoginName, LoginDate, StatusSequence) VALUES (2805402, 1364630, 410, N'2021-08-03 21:33:29.150', N'bmuheim@calhfa.ca.gov', N'2021-08-03 21:33:29.150', 2);
INSERT INTO dbo.LoanStatus (LoanStatusID, LoanID, StatusCode, StatusDate, LoginName, LoginDate, StatusSequence) VALUES (2805403, 1364631, 410, N'2021-08-03 21:33:29.200', N'bmuheim@calhfa.ca.gov', N'2021-08-03 21:33:29.200', 2);
INSERT INTO dbo.LoanStatus (LoanStatusID, LoanID, StatusCode, StatusDate, LoginName, LoginDate, StatusSequence) VALUES (2805405, 1364590, 421, N'2021-08-03 21:50:50.750', N'OCR-CLDOCS', N'2021-08-03 21:50:50.750', 7);
INSERT INTO dbo.LoanStatus (LoanStatusID, LoanID, StatusCode, StatusDate, LoginName, LoginDate, StatusSequence) VALUES (2805406, 1364630, 421, N'2021-08-03 21:50:50.907', N'OCR-CLDOCS', N'2021-08-03 21:50:50.907', 3);
INSERT INTO dbo.LoanStatus (LoanStatusID, LoanID, StatusCode, StatusDate, LoginName, LoginDate, StatusSequence) VALUES (2805407, 1364637, 120, N'2021-08-04 11:51:37.570', N'bmuheim@calhfa.ca.gov', N'2021-08-04 11:51:37.570', 1);
INSERT INTO dbo.LoanStatus (LoanStatusID, LoanID, StatusCode, StatusDate, LoginName, LoginDate, StatusSequence) VALUES (2805408, 1364638, 120, N'2021-08-04 11:51:37.727', N'bmuheim@calhfa.ca.gov', N'2021-08-04 11:51:37.727', 1);
INSERT INTO dbo.LoanStatus (LoanStatusID, LoanID, StatusCode, StatusDate, LoginName, LoginDate, StatusSequence) VALUES (2805409, 1364637, 410, N'2021-08-04 11:56:02.587', N'bmuheim@calhfa.ca.gov', N'2021-08-04 11:56:02.587', 2);
INSERT INTO dbo.LoanStatus (LoanStatusID, LoanID, StatusCode, StatusDate, LoginName, LoginDate, StatusSequence) VALUES (2805410, 1364638, 410, N'2021-08-04 11:56:02.587', N'bmuheim@calhfa.ca.gov', N'2021-08-04 11:56:02.587', 2);
INSERT INTO dbo.LoanStatus (LoanStatusID, LoanID, StatusCode, StatusDate, LoginName, LoginDate, StatusSequence) VALUES (2805411, 1364639, 120, N'2021-08-04 13:29:01.537', N'bmuheim@calhfa.ca.gov', N'2021-08-04 13:29:01.537', 1);
INSERT INTO dbo.LoanStatus (LoanStatusID, LoanID, StatusCode, StatusDate, LoginName, LoginDate, StatusSequence) VALUES (2805412, 1364640, 120, N'2021-08-04 13:29:01.690', N'bmuheim@calhfa.ca.gov', N'2021-08-04 13:29:01.690', 1);
INSERT INTO dbo.LoanStatus (LoanStatusID, LoanID, StatusCode, StatusDate, LoginName, LoginDate, StatusSequence) VALUES (2805413, 1364641, 120, N'2021-08-04 13:37:30.350', N'bmuheim@calhfa.ca.gov', N'2021-08-04 13:37:30.350', 1);
INSERT INTO dbo.LoanStatus (LoanStatusID, LoanID, StatusCode, StatusDate, LoginName, LoginDate, StatusSequence) VALUES (2805414, 1364642, 120, N'2021-08-04 13:37:30.410', N'bmuheim@calhfa.ca.gov', N'2021-08-04 13:37:30.410', 1);
INSERT INTO dbo.LoanStatus (LoanStatusID, LoanID, StatusCode, StatusDate, LoginName, LoginDate, StatusSequence) VALUES (2805415, 1364639, 410, N'2021-08-04 13:40:32.970', N'bmuheim@calhfa.ca.gov', N'2021-08-04 13:40:32.970', 2);
INSERT INTO dbo.LoanStatus (LoanStatusID, LoanID, StatusCode, StatusDate, LoginName, LoginDate, StatusSequence) VALUES (2805416, 1364640, 410, N'2021-08-04 13:40:32.970', N'bmuheim@calhfa.ca.gov', N'2021-08-04 13:40:32.970', 2);
INSERT INTO dbo.LoanStatus (LoanStatusID, LoanID, StatusCode, StatusDate, LoginName, LoginDate, StatusSequence) VALUES (2805417, 1364641, 410, N'2021-08-04 13:43:10.557', N'bmuheim@calhfa.ca.gov', N'2021-08-04 13:43:10.557', 2);
INSERT INTO dbo.LoanStatus (LoanStatusID, LoanID, StatusCode, StatusDate, LoginName, LoginDate, StatusSequence) VALUES (2805418, 1364642, 410, N'2021-08-04 13:43:10.570', N'bmuheim@calhfa.ca.gov', N'2021-08-04 13:43:10.570', 2);
INSERT INTO dbo.LoanStatus (LoanStatusID, LoanID, StatusCode, StatusDate, LoginName, LoginDate, StatusSequence) VALUES (2805419, 1364589, 510, N'2021-08-04 14:09:03.860', N'bmuheim@calhfa.ca.gov', N'2021-08-04 14:09:03.860', 7);
INSERT INTO dbo.LoanStatus (LoanStatusID, LoanID, StatusCode, StatusDate, LoginName, LoginDate, StatusSequence) VALUES (2805420, 1364589, 521, N'2021-08-04 14:13:50.790', N'OCR-CLDOCS', N'2021-08-04 14:13:50.790', 8);
INSERT INTO dbo.LoanStatus (LoanStatusID, LoanID, StatusCode, StatusDate, LoginName, LoginDate, StatusSequence) VALUES (2805422, 1364643, 120, N'2021-08-05 10:56:14.013', N'schintalapudi@CalHFA.ca.gov', N'2021-08-05 10:56:14.013', 1);
INSERT INTO dbo.LoanStatus (LoanStatusID, LoanID, StatusCode, StatusDate, LoginName, LoginDate, StatusSequence) VALUES (2805423, 1364644, 120, N'2021-08-05 10:56:14.153', N'schintalapudi@CalHFA.ca.gov', N'2021-08-05 10:56:14.153', 1);
INSERT INTO dbo.LoanStatus (LoanStatusID, LoanID, StatusCode, StatusDate, LoginName, LoginDate, StatusSequence) VALUES (2805424, 1364645, 120, N'2021-08-05 10:56:14.183', N'schintalapudi@CalHFA.ca.gov', N'2021-08-05 10:56:14.183', 1);
INSERT INTO dbo.LoanStatus (LoanStatusID, LoanID, StatusCode, StatusDate, LoginName, LoginDate, StatusSequence) VALUES (2805425, 1364617, 410, N'2021-08-05 13:21:30.343', N'schintalapudi@CalHFA.ca.gov', N'2021-08-05 13:21:30.343', 2);
INSERT INTO dbo.LoanStatus (LoanStatusID, LoanID, StatusCode, StatusDate, LoginName, LoginDate, StatusSequence) VALUES (2805426, 1364618, 410, N'2021-08-05 13:21:30.360', N'schintalapudi@CalHFA.ca.gov', N'2021-08-05 13:21:30.360', 2);
INSERT INTO dbo.LoanStatus (LoanStatusID, LoanID, StatusCode, StatusDate, LoginName, LoginDate, StatusSequence) VALUES (2805427, 1364619, 410, N'2021-08-05 13:21:30.360', N'schintalapudi@CalHFA.ca.gov', N'2021-08-05 13:21:30.360', 2);
INSERT INTO dbo.LoanStatus (LoanStatusID, LoanID, StatusCode, StatusDate, LoginName, LoginDate, StatusSequence) VALUES (2805428, 1364637, 421, N'2021-08-05 13:30:49.873', N'OCR-CLDOCS', N'2021-08-05 13:30:49.873', 3);
INSERT INTO dbo.LoanStatus (LoanStatusID, LoanID, StatusCode, StatusDate, LoginName, LoginDate, StatusSequence) VALUES (2805429, 1364639, 421, N'2021-08-05 13:32:49.890', N'OCR-CLDOCS', N'2021-08-05 13:32:49.890', 3);
INSERT INTO dbo.LoanStatus (LoanStatusID, LoanID, StatusCode, StatusDate, LoginName, LoginDate, StatusSequence) VALUES (2805430, 1364637, 410, N'2021-08-05 13:36:20.647', N'bmuheim@calhfa.ca.gov', N'2021-08-05 13:36:20.647', 4);
INSERT INTO dbo.LoanStatus (LoanStatusID, LoanID, StatusCode, StatusDate, LoginName, LoginDate, StatusSequence) VALUES (2805431, 1364618, 430, N'2021-08-05 13:39:31.283', N'SCHINTALAPUDI', N'2021-08-05 13:39:31.457', 3);
INSERT INTO dbo.LoanStatus (LoanStatusID, LoanID, StatusCode, StatusDate, LoginName, LoginDate, StatusSequence) VALUES (2805432, 1364619, 430, N'2021-08-05 13:39:31.283', N'SCHINTALAPUDI', N'2021-08-05 13:39:31.457', 3);
INSERT INTO dbo.LoanStatus (LoanStatusID, LoanID, StatusCode, StatusDate, LoginName, LoginDate, StatusSequence) VALUES (2805433, 1364617, 430, N'2021-08-05 13:39:31.283', N'SCHINTALAPUDI', N'2021-08-05 13:39:31.457', 3);
INSERT INTO dbo.LoanStatus (LoanStatusID, LoanID, StatusCode, StatusDate, LoginName, LoginDate, StatusSequence) VALUES (2805434, 1364618, 440, N'2021-08-05 13:39:46.180', N'SCHINTALAPUDI', N'2021-08-05 13:39:46.100', 4);
INSERT INTO dbo.LoanStatus (LoanStatusID, LoanID, StatusCode, StatusDate, LoginName, LoginDate, StatusSequence) VALUES (2805435, 1364619, 440, N'2021-08-05 13:39:46.180', N'SCHINTALAPUDI', N'2021-08-05 13:39:46.100', 4);
INSERT INTO dbo.LoanStatus (LoanStatusID, LoanID, StatusCode, StatusDate, LoginName, LoginDate, StatusSequence) VALUES (2805436, 1364617, 440, N'2021-08-05 13:39:46.180', N'SCHINTALAPUDI', N'2021-08-05 13:39:46.100', 4);
INSERT INTO dbo.LoanStatus (LoanStatusID, LoanID, StatusCode, StatusDate, LoginName, LoginDate, StatusSequence) VALUES (2805437, 1364641, 415, N'2021-08-05 14:07:38.627', N'BMUHEIM', N'2021-08-05 14:07:38.627', 3);
INSERT INTO dbo.LoanStatus (LoanStatusID, LoanID, StatusCode, StatusDate, LoginName, LoginDate, StatusSequence) VALUES (2805438, 1364642, 415, N'2021-08-05 14:07:38.627', N'BMUHEIM', N'2021-08-05 14:07:38.627', 3);
INSERT INTO dbo.LoanStatus (LoanStatusID, LoanID, StatusCode, StatusDate, LoginName, LoginDate, StatusSequence) VALUES (2805439, 1364617, 421, N'2021-08-09 14:08:49.833', N'OCR-CLDOCS', N'2021-08-09 14:08:49.833', 5);
INSERT INTO dbo.LoanStatus (LoanStatusID, LoanID, StatusCode, StatusDate, LoginName, LoginDate, StatusSequence) VALUES (2805440, 1364646, 110, N'2021-08-10 09:16:49.490', N'tdennis@calhfa.ca.gov', N'2021-08-10 09:16:49.490', 1);
INSERT INTO dbo.LoanStatus (LoanStatusID, LoanID, StatusCode, StatusDate, LoginName, LoginDate, StatusSequence) VALUES (2805441, 1364647, 110, N'2021-08-10 09:16:49.927', N'tdennis@calhfa.ca.gov', N'2021-08-10 09:16:49.927', 1);
INSERT INTO dbo.LoanStatus (LoanStatusID, LoanID, StatusCode, StatusDate, LoginName, LoginDate, StatusSequence) VALUES (2805442, 1364648, 110, N'2021-08-10 09:25:17.287', N'tdennis@calhfa.ca.gov', N'2021-08-10 09:25:17.287', 1);
INSERT INTO dbo.LoanStatus (LoanStatusID, LoanID, StatusCode, StatusDate, LoginName, LoginDate, StatusSequence) VALUES (2805443, 1364649, 110, N'2021-08-10 09:25:17.363', N'tdennis@calhfa.ca.gov', N'2021-08-10 09:25:17.363', 1);
INSERT INTO dbo.LoanStatus (LoanStatusID, LoanID, StatusCode, StatusDate, LoginName, LoginDate, StatusSequence) VALUES (2805444, 1364650, 110, N'2021-08-10 09:32:33.630', N'tdennis@calhfa.ca.gov', N'2021-08-10 09:32:33.630', 1);
INSERT INTO dbo.LoanStatus (LoanStatusID, LoanID, StatusCode, StatusDate, LoginName, LoginDate, StatusSequence) VALUES (2805445, 1364651, 110, N'2021-08-10 09:32:33.710', N'tdennis@calhfa.ca.gov', N'2021-08-10 09:32:33.710', 1);
INSERT INTO dbo.LoanStatus (LoanStatusID, LoanID, StatusCode, StatusDate, LoginName, LoginDate, StatusSequence) VALUES (2805446, 1364652, 110, N'2021-08-10 09:35:17.070', N'tdennis@calhfa.ca.gov', N'2021-08-10 09:35:17.070', 1);
INSERT INTO dbo.LoanStatus (LoanStatusID, LoanID, StatusCode, StatusDate, LoginName, LoginDate, StatusSequence) VALUES (2805447, 1364653, 110, N'2021-08-10 09:35:17.177', N'tdennis@calhfa.ca.gov', N'2021-08-10 09:35:17.177', 1);
INSERT INTO dbo.LoanStatus (LoanStatusID, LoanID, StatusCode, StatusDate, LoginName, LoginDate, StatusSequence) VALUES (2805448, 1364654, 110, N'2021-08-10 09:38:02.960', N'tdennis@calhfa.ca.gov', N'2021-08-10 09:38:02.960', 1);
INSERT INTO dbo.LoanStatus (LoanStatusID, LoanID, StatusCode, StatusDate, LoginName, LoginDate, StatusSequence) VALUES (2805449, 1364655, 110, N'2021-08-10 10:10:02.183', N'tdennis@calhfa.ca.gov', N'2021-08-10 10:10:02.183', 1);
INSERT INTO dbo.LoanStatus (LoanStatusID, LoanID, StatusCode, StatusDate, LoginName, LoginDate, StatusSequence) VALUES (2805450, 1364656, 110, N'2021-08-10 10:10:02.277', N'tdennis@calhfa.ca.gov', N'2021-08-10 10:10:02.277', 1);
INSERT INTO dbo.LoanStatus (LoanStatusID, LoanID, StatusCode, StatusDate, LoginName, LoginDate, StatusSequence) VALUES (2805451, 1364657, 110, N'2021-08-10 10:41:35.797', N'tdennis@calhfa.ca.gov', N'2021-08-10 10:41:35.797', 1);
INSERT INTO dbo.LoanStatus (LoanStatusID, LoanID, StatusCode, StatusDate, LoginName, LoginDate, StatusSequence) VALUES (2805452, 1364658, 110, N'2021-08-10 10:41:36.060', N'tdennis@calhfa.ca.gov', N'2021-08-10 10:41:36.060', 1);
INSERT INTO dbo.LoanStatus (LoanStatusID, LoanID, StatusCode, StatusDate, LoginName, LoginDate, StatusSequence) VALUES (2805453, 1364659, 110, N'2021-08-10 14:05:11.227', N'tdennis@calhfa.ca.gov', N'2021-08-10 14:05:11.227', 1);
INSERT INTO dbo.LoanStatus (LoanStatusID, LoanID, StatusCode, StatusDate, LoginName, LoginDate, StatusSequence) VALUES (2805454, 1364643, 410, N'2021-08-11 08:29:29.120', N'schintalapudi@CalHFA.ca.gov', N'2021-08-11 08:29:29.120', 2);
INSERT INTO dbo.LoanStatus (LoanStatusID, LoanID, StatusCode, StatusDate, LoginName, LoginDate, StatusSequence) VALUES (2805455, 1364644, 410, N'2021-08-11 08:29:29.153', N'schintalapudi@CalHFA.ca.gov', N'2021-08-11 08:29:29.153', 2);
INSERT INTO dbo.LoanStatus (LoanStatusID, LoanID, StatusCode, StatusDate, LoginName, LoginDate, StatusSequence) VALUES (2805456, 1364645, 410, N'2021-08-11 08:29:29.153', N'schintalapudi@CalHFA.ca.gov', N'2021-08-11 08:29:29.153', 2);
INSERT INTO dbo.LoanStatus (LoanStatusID, LoanID, StatusCode, StatusDate, LoginName, LoginDate, StatusSequence) VALUES (2805457, 1364644, 430, N'2021-08-11 08:38:15.710', N'SCHINTALAPUDI', N'2021-08-11 08:38:15.787', 3);
INSERT INTO dbo.LoanStatus (LoanStatusID, LoanID, StatusCode, StatusDate, LoginName, LoginDate, StatusSequence) VALUES (2805458, 1364645, 430, N'2021-08-11 08:38:15.710', N'SCHINTALAPUDI', N'2021-08-11 08:38:15.787', 3);
INSERT INTO dbo.LoanStatus (LoanStatusID, LoanID, StatusCode, StatusDate, LoginName, LoginDate, StatusSequence) VALUES (2805459, 1364643, 430, N'2021-08-11 08:38:15.710', N'SCHINTALAPUDI', N'2021-08-11 08:38:15.787', 3);
INSERT INTO dbo.LoanStatus (LoanStatusID, LoanID, StatusCode, StatusDate, LoginName, LoginDate, StatusSequence) VALUES (2805460, 1364644, 440, N'2021-08-11 08:43:19.670', N'SCHINTALAPUDI', N'2021-08-11 08:43:19.653', 4);
INSERT INTO dbo.LoanStatus (LoanStatusID, LoanID, StatusCode, StatusDate, LoginName, LoginDate, StatusSequence) VALUES (2805461, 1364645, 440, N'2021-08-11 08:43:19.670', N'SCHINTALAPUDI', N'2021-08-11 08:43:19.653', 4);
INSERT INTO dbo.LoanStatus (LoanStatusID, LoanID, StatusCode, StatusDate, LoginName, LoginDate, StatusSequence) VALUES (2805462, 1364643, 440, N'2021-08-11 08:43:19.670', N'SCHINTALAPUDI', N'2021-08-11 08:43:19.653', 4);
INSERT INTO dbo.LoanStatus (LoanStatusID, LoanID, StatusCode, StatusDate, LoginName, LoginDate, StatusSequence) VALUES (2805463, 1364660, 120, N'2021-08-11 09:12:41.960', N'scasler@calhfa.ca.gov', N'2021-08-11 09:12:41.960', 1);
INSERT INTO dbo.LoanStatus (LoanStatusID, LoanID, StatusCode, StatusDate, LoginName, LoginDate, StatusSequence) VALUES (2805464, 1364660, 410, N'2021-08-11 10:00:55.323', N'scasler@calhfa.ca.gov', N'2021-08-11 10:00:55.323', 2);
INSERT INTO dbo.LoanStatus (LoanStatusID, LoanID, StatusCode, StatusDate, LoginName, LoginDate, StatusSequence) VALUES (2805465, 1364661, 120, N'2021-08-11 10:19:24.813', N'scasler@calhfa.ca.gov', N'2021-08-11 10:19:24.813', 1);
INSERT INTO dbo.LoanStatus (LoanStatusID, LoanID, StatusCode, StatusDate, LoginName, LoginDate, StatusSequence) VALUES (2805466, 1364662, 120, N'2021-08-11 10:19:24.970', N'scasler@calhfa.ca.gov', N'2021-08-11 10:19:24.970', 1);
INSERT INTO dbo.LoanStatus (LoanStatusID, LoanID, StatusCode, StatusDate, LoginName, LoginDate, StatusSequence) VALUES (2805467, 1364600, 430, N'2021-08-11 10:25:44.413', N'SCASLER', N'2021-08-11 10:25:44.390', 6);
INSERT INTO dbo.LoanStatus (LoanStatusID, LoanID, StatusCode, StatusDate, LoginName, LoginDate, StatusSequence) VALUES (2805468, 1364599, 430, N'2021-08-11 10:25:44.413', N'SCASLER', N'2021-08-11 10:25:44.390', 6);
INSERT INTO dbo.LoanStatus (LoanStatusID, LoanID, StatusCode, StatusDate, LoginName, LoginDate, StatusSequence) VALUES (2805469, 1364600, 440, N'2021-08-11 10:25:53.547', N'SCASLER', N'2021-08-11 10:25:53.523', 7);
INSERT INTO dbo.LoanStatus (LoanStatusID, LoanID, StatusCode, StatusDate, LoginName, LoginDate, StatusSequence) VALUES (2805470, 1364599, 440, N'2021-08-11 10:25:53.547', N'SCASLER', N'2021-08-11 10:25:53.523', 7);
INSERT INTO dbo.LoanStatus (LoanStatusID, LoanID, StatusCode, StatusDate, LoginName, LoginDate, StatusSequence) VALUES (2805471, 1364637, 415, N'2021-08-11 10:26:13.247', N'SCASLER', N'2021-08-11 10:26:13.247', 5);
INSERT INTO dbo.LoanStatus (LoanStatusID, LoanID, StatusCode, StatusDate, LoginName, LoginDate, StatusSequence) VALUES (2805472, 1364638, 415, N'2021-08-11 10:26:13.247', N'SCASLER', N'2021-08-11 10:26:13.247', 3);
INSERT INTO dbo.LoanStatus (LoanStatusID, LoanID, StatusCode, StatusDate, LoginName, LoginDate, StatusSequence) VALUES (2805473, 1364661, 410, N'2021-08-11 10:32:14.970', N'scasler@calhfa.ca.gov', N'2021-08-11 10:32:14.970', 2);
INSERT INTO dbo.LoanStatus (LoanStatusID, LoanID, StatusCode, StatusDate, LoginName, LoginDate, StatusSequence) VALUES (2805474, 1364662, 410, N'2021-08-11 10:32:14.970', N'scasler@calhfa.ca.gov', N'2021-08-11 10:32:14.970', 2);
INSERT INTO dbo.LoanStatus (LoanStatusID, LoanID, StatusCode, StatusDate, LoginName, LoginDate, StatusSequence) VALUES (2805475, 1364662, 430, N'2021-08-11 10:34:24.087', N'SCASLER', N'2021-08-11 10:34:24.050', 3);
INSERT INTO dbo.LoanStatus (LoanStatusID, LoanID, StatusCode, StatusDate, LoginName, LoginDate, StatusSequence) VALUES (2805476, 1364661, 430, N'2021-08-11 10:34:24.087', N'SCASLER', N'2021-08-11 10:34:24.050', 3);
INSERT INTO dbo.LoanStatus (LoanStatusID, LoanID, StatusCode, StatusDate, LoginName, LoginDate, StatusSequence) VALUES (2805477, 1364662, 440, N'2021-08-11 10:34:28.160', N'SCASLER', N'2021-08-11 10:34:28.127', 4);
INSERT INTO dbo.LoanStatus (LoanStatusID, LoanID, StatusCode, StatusDate, LoginName, LoginDate, StatusSequence) VALUES (2805478, 1364661, 440, N'2021-08-11 10:34:28.160', N'SCASLER', N'2021-08-11 10:34:28.127', 4);
INSERT INTO dbo.LoanStatus (LoanStatusID, LoanID, StatusCode, StatusDate, LoginName, LoginDate, StatusSequence) VALUES (2805479, 1364662, 510, N'2021-08-11 10:52:50.470', N'scasler@calhfa.ca.gov', N'2021-08-11 10:52:50.470', 5);
INSERT INTO dbo.LoanStatus (LoanStatusID, LoanID, StatusCode, StatusDate, LoginName, LoginDate, StatusSequence) VALUES (2805480, 1364663, 120, N'2021-08-11 11:06:56.303', N'scasler@calhfa.ca.gov', N'2021-08-11 11:06:56.303', 1);
INSERT INTO dbo.LoanStatus (LoanStatusID, LoanID, StatusCode, StatusDate, LoginName, LoginDate, StatusSequence) VALUES (2805481, 1364664, 120, N'2021-08-11 11:06:56.350', N'scasler@calhfa.ca.gov', N'2021-08-11 11:06:56.350', 1);
INSERT INTO dbo.LoanStatus (LoanStatusID, LoanID, StatusCode, StatusDate, LoginName, LoginDate, StatusSequence) VALUES (2805482, 1364663, 410, N'2021-08-11 11:10:10.880', N'scasler@calhfa.ca.gov', N'2021-08-11 11:10:10.880', 2);
INSERT INTO dbo.LoanStatus (LoanStatusID, LoanID, StatusCode, StatusDate, LoginName, LoginDate, StatusSequence) VALUES (2805483, 1364664, 410, N'2021-08-11 11:10:10.880', N'scasler@calhfa.ca.gov', N'2021-08-11 11:10:10.880', 2);
INSERT INTO dbo.LoanStatus (LoanStatusID, LoanID, StatusCode, StatusDate, LoginName, LoginDate, StatusSequence) VALUES (2805484, 1364664, 430, N'2021-08-11 11:11:40.730', N'SCASLER', N'2021-08-11 11:11:40.700', 3);
INSERT INTO dbo.LoanStatus (LoanStatusID, LoanID, StatusCode, StatusDate, LoginName, LoginDate, StatusSequence) VALUES (2805485, 1364663, 430, N'2021-08-11 11:11:40.730', N'SCASLER', N'2021-08-11 11:11:40.700', 3);
INSERT INTO dbo.LoanStatus (LoanStatusID, LoanID, StatusCode, StatusDate, LoginName, LoginDate, StatusSequence) VALUES (2805486, 1364664, 440, N'2021-08-11 11:11:44.163', N'SCASLER', N'2021-08-11 11:11:44.143', 4);
INSERT INTO dbo.LoanStatus (LoanStatusID, LoanID, StatusCode, StatusDate, LoginName, LoginDate, StatusSequence) VALUES (2805487, 1364663, 440, N'2021-08-11 11:11:44.163', N'SCASLER', N'2021-08-11 11:11:44.143', 4);
INSERT INTO dbo.LoanStatus (LoanStatusID, LoanID, StatusCode, StatusDate, LoginName, LoginDate, StatusSequence) VALUES (2805488, 1364664, 510, N'2021-08-11 11:13:09.670', N'scasler@calhfa.ca.gov', N'2021-08-11 11:13:09.670', 5);
INSERT INTO dbo.LoanStatus (LoanStatusID, LoanID, StatusCode, StatusDate, LoginName, LoginDate, StatusSequence) VALUES (2805489, 1364665, 120, N'2021-08-11 13:02:40.643', N'bmuheim@calhfa.ca.gov', N'2021-08-11 13:02:40.643', 1);
INSERT INTO dbo.LoanStatus (LoanStatusID, LoanID, StatusCode, StatusDate, LoginName, LoginDate, StatusSequence) VALUES (2805490, 1364666, 120, N'2021-08-11 13:02:40.830', N'bmuheim@calhfa.ca.gov', N'2021-08-11 13:02:40.830', 1);
INSERT INTO dbo.LoanStatus (LoanStatusID, LoanID, StatusCode, StatusDate, LoginName, LoginDate, StatusSequence) VALUES (2805491, 1364667, 120, N'2021-08-11 13:02:40.877', N'bmuheim@calhfa.ca.gov', N'2021-08-11 13:02:40.877', 1);
INSERT INTO dbo.LoanStatus (LoanStatusID, LoanID, StatusCode, StatusDate, LoginName, LoginDate, StatusSequence) VALUES (2805492, 1364665, 410, N'2021-08-11 13:07:57.900', N'bmuheim@calhfa.ca.gov', N'2021-08-11 13:07:57.900', 2);
INSERT INTO dbo.LoanStatus (LoanStatusID, LoanID, StatusCode, StatusDate, LoginName, LoginDate, StatusSequence) VALUES (2805493, 1364666, 410, N'2021-08-11 13:07:57.900', N'bmuheim@calhfa.ca.gov', N'2021-08-11 13:07:57.900', 2);
INSERT INTO dbo.LoanStatus (LoanStatusID, LoanID, StatusCode, StatusDate, LoginName, LoginDate, StatusSequence) VALUES (2805494, 1364667, 410, N'2021-08-11 13:07:57.900', N'bmuheim@calhfa.ca.gov', N'2021-08-11 13:07:57.900', 2);
INSERT INTO dbo.LoanStatus (LoanStatusID, LoanID, StatusCode, StatusDate, LoginName, LoginDate, StatusSequence) VALUES (2805495, 1364665, 421, N'2021-08-11 13:27:50.433', N'OCR-CLDOCS', N'2021-08-11 13:27:50.433', 3);
INSERT INTO dbo.LoanStatus (LoanStatusID, LoanID, StatusCode, StatusDate, LoginName, LoginDate, StatusSequence) VALUES (2805496, 1364665, 410, N'2021-08-11 13:30:03.800', N'bmuheim@calhfa.ca.gov', N'2021-08-11 13:30:03.800', 4);
INSERT INTO dbo.LoanStatus (LoanStatusID, LoanID, StatusCode, StatusDate, LoginName, LoginDate, StatusSequence) VALUES (2805497, 1364664, 515, N'2021-08-11 13:50:09.700', N'SCASLER', N'2021-08-11 13:50:09.660', 6);
INSERT INTO dbo.LoanStatus (LoanStatusID, LoanID, StatusCode, StatusDate, LoginName, LoginDate, StatusSequence) VALUES (2805499, 1364617, 410, N'2021-08-11 15:03:47.303', N'schintalapudi@CalHFA.ca.gov', N'2021-08-11 15:03:47.303', 6);
INSERT INTO dbo.LoanStatus (LoanStatusID, LoanID, StatusCode, StatusDate, LoginName, LoginDate, StatusSequence) VALUES (2805500, 1364618, 410, N'2021-08-11 15:03:47.303', N'schintalapudi@CalHFA.ca.gov', N'2021-08-11 15:03:47.303', 5);
INSERT INTO dbo.LoanStatus (LoanStatusID, LoanID, StatusCode, StatusDate, LoginName, LoginDate, StatusSequence) VALUES (2805501, 1364619, 410, N'2021-08-11 15:03:47.303', N'schintalapudi@CalHFA.ca.gov', N'2021-08-11 15:03:47.303', 5);
INSERT INTO dbo.LoanStatus (LoanStatusID, LoanID, StatusCode, StatusDate, LoginName, LoginDate, StatusSequence) VALUES (2805502, 1364654, 120, N'2021-08-11 15:19:16.163', N'MJIMENEZ', N'2021-08-11 15:19:16.120', 2);
INSERT INTO dbo.LoanStatus (LoanStatusID, LoanID, StatusCode, StatusDate, LoginName, LoginDate, StatusSequence) VALUES (2805503, 1364668, 120, N'2021-08-11 15:34:39.230', N'mjimenez', N'2021-08-11 15:34:39.230', 1);
INSERT INTO dbo.LoanStatus (LoanStatusID, LoanID, StatusCode, StatusDate, LoginName, LoginDate, StatusSequence) VALUES (2805504, 1364643, 421, N'2021-08-12 12:10:50.520', N'OCR-CLDOCS', N'2021-08-12 12:10:50.520', 5);
INSERT INTO dbo.LoanStatus (LoanStatusID, LoanID, StatusCode, StatusDate, LoginName, LoginDate, StatusSequence) VALUES (2805505, 1364617, 421, N'2021-08-12 12:13:50.437', N'OCR-CLDOCS', N'2021-08-12 12:13:50.437', 7);
INSERT INTO dbo.LoanStatus (LoanStatusID, LoanID, StatusCode, StatusDate, LoginName, LoginDate, StatusSequence) VALUES (2805506, 1364662, 521, N'2021-08-12 12:25:50.403', N'OCR-CLDOCS', N'2021-08-12 12:25:50.403', 6);
INSERT INTO dbo.LoanStatus (LoanStatusID, LoanID, StatusCode, StatusDate, LoginName, LoginDate, StatusSequence) VALUES (2805507, 1364664, 521, N'2021-08-12 12:31:49.600', N'OCR-CLDOCS', N'2021-08-12 12:31:49.600', 7);
INSERT INTO dbo.LoanStatus (LoanStatusID, LoanID, StatusCode, StatusDate, LoginName, LoginDate, StatusSequence) VALUES (2805508, 1364669, 120, N'2021-08-12 13:22:15.057', N'michelle', N'2021-08-12 13:22:15.057', 1);
INSERT INTO dbo.LoanStatus (LoanStatusID, LoanID, StatusCode, StatusDate, LoginName, LoginDate, StatusSequence) VALUES (2805509, 1364654, 410, N'2021-08-13 08:30:05.183', N'ssilva@calhfa.ca.gov', N'2021-08-13 08:30:05.183', 3);
INSERT INTO dbo.LoanStatus (LoanStatusID, LoanID, StatusCode, StatusDate, LoginName, LoginDate, StatusSequence) VALUES (2805510, 1364668, 410, N'2021-08-13 08:30:05.213', N'ssilva@calhfa.ca.gov', N'2021-08-13 08:30:05.213', 2);
INSERT INTO dbo.LoanStatus (LoanStatusID, LoanID, StatusCode, StatusDate, LoginName, LoginDate, StatusSequence) VALUES (2805511, 1364627, 410, N'2021-08-13 08:35:57.100', N'ssilva@calhfa.ca.gov', N'2021-08-13 08:35:57.100', 2);
INSERT INTO dbo.LoanStatus (LoanStatusID, LoanID, StatusCode, StatusDate, LoginName, LoginDate, StatusSequence) VALUES (2805512, 1364628, 410, N'2021-08-13 08:35:57.100', N'ssilva@calhfa.ca.gov', N'2021-08-13 08:35:57.100', 2);
INSERT INTO dbo.LoanStatus (LoanStatusID, LoanID, StatusCode, StatusDate, LoginName, LoginDate, StatusSequence) VALUES (2805513, 1364629, 410, N'2021-08-13 08:35:57.100', N'ssilva@calhfa.ca.gov', N'2021-08-13 08:35:57.100', 2);
INSERT INTO dbo.LoanStatus (LoanStatusID, LoanID, StatusCode, StatusDate, LoginName, LoginDate, StatusSequence) VALUES (2805514, 1364654, 421, N'2021-08-13 08:39:49.743', N'OCR-CLDOCS', N'2021-08-13 08:39:49.743', 4);
INSERT INTO dbo.LoanStatus (LoanStatusID, LoanID, StatusCode, StatusDate, LoginName, LoginDate, StatusSequence) VALUES (2805515, 1364654, 410, N'2021-08-13 08:41:35.097', N'ssilva@calhfa.ca.gov', N'2021-08-13 08:41:35.097', 5);
INSERT INTO dbo.LoanStatus (LoanStatusID, LoanID, StatusCode, StatusDate, LoginName, LoginDate, StatusSequence) VALUES (2805516, 1364627, 421, N'2021-08-13 08:45:49.700', N'OCR-CLDOCS', N'2021-08-13 08:45:49.700', 3);
INSERT INTO dbo.LoanStatus (LoanStatusID, LoanID, StatusCode, StatusDate, LoginName, LoginDate, StatusSequence) VALUES (2805517, 1364654, 421, N'2021-08-13 08:52:49.707', N'OCR-CLDOCS', N'2021-08-13 08:52:49.707', 6);
INSERT INTO dbo.LoanStatus (LoanStatusID, LoanID, StatusCode, StatusDate, LoginName, LoginDate, StatusSequence) VALUES (2805518, 1364627, 410, N'2021-08-13 08:53:13.650', N'ssilva@calhfa.ca.gov', N'2021-08-13 08:53:13.650', 4);
INSERT INTO dbo.LoanStatus (LoanStatusID, LoanID, StatusCode, StatusDate, LoginName, LoginDate, StatusSequence) VALUES (2805519, 1364654, 410, N'2021-08-13 08:53:56.080', N'ssilva@calhfa.ca.gov', N'2021-08-13 08:53:56.080', 7);
INSERT INTO dbo.LoanStatus (LoanStatusID, LoanID, StatusCode, StatusDate, LoginName, LoginDate, StatusSequence) VALUES (2805524, 1364660, 421, N'2021-08-16 10:17:50.500', N'OCR-CLDOCS', N'2021-08-16 10:17:50.500', 3);
INSERT INTO dbo.LoanStatus (LoanStatusID, LoanID, StatusCode, StatusDate, LoginName, LoginDate, StatusSequence) VALUES (2805525, 1364661, 421, N'2021-08-16 10:17:50.673', N'OCR-CLDOCS', N'2021-08-16 10:17:50.673', 5);
INSERT INTO dbo.LoanStatus (LoanStatusID, LoanID, StatusCode, StatusDate, LoginName, LoginDate, StatusSequence) VALUES (2805526, 1364662, 510, N'2021-08-16 10:18:48.380', N'bmuheim@calhfa.ca.gov', N'2021-08-16 10:18:48.380', 7);
INSERT INTO dbo.LoanStatus (LoanStatusID, LoanID, StatusCode, StatusDate, LoginName, LoginDate, StatusSequence) VALUES (2805527, 1364663, 421, N'2021-08-16 10:18:50.643', N'OCR-CLDOCS', N'2021-08-16 10:18:50.643', 5);
INSERT INTO dbo.LoanStatus (LoanStatusID, LoanID, StatusCode, StatusDate, LoginName, LoginDate, StatusSequence) VALUES (2805528, 1364600, 510, N'2021-08-16 11:10:55.820', N'bmuheim@calhfa.ca.gov', N'2021-08-16 11:10:55.820', 8);
INSERT INTO dbo.LoanStatus (LoanStatusID, LoanID, StatusCode, StatusDate, LoginName, LoginDate, StatusSequence) VALUES (2805529, 1364600, 521, N'2021-08-16 11:17:50.390', N'OCR-CLDOCS', N'2021-08-16 11:17:50.390', 9);
INSERT INTO dbo.LoanStatus (LoanStatusID, LoanID, StatusCode, StatusDate, LoginName, LoginDate, StatusSequence) VALUES (2805530, 1364600, 510, N'2021-08-16 11:19:18.990', N'bmuheim@calhfa.ca.gov', N'2021-08-16 11:19:18.990', 10);
INSERT INTO dbo.LoanStatus (LoanStatusID, LoanID, StatusCode, StatusDate, LoginName, LoginDate, StatusSequence) VALUES (2805531, 1364600, 521, N'2021-08-16 11:25:50.423', N'OCR-CLDOCS', N'2021-08-16 11:25:50.423', 11);
INSERT INTO dbo.LoanStatus (LoanStatusID, LoanID, StatusCode, StatusDate, LoginName, LoginDate, StatusSequence) VALUES (2805532, 1364600, 510, N'2021-08-16 11:45:00.950', N'bmuheim@calhfa.ca.gov', N'2021-08-16 11:45:00.950', 12);
INSERT INTO dbo.LoanStatus (LoanStatusID, LoanID, StatusCode, StatusDate, LoginName, LoginDate, StatusSequence) VALUES (2805536, 1364644, 510, N'2021-08-16 13:09:21.423', N'ssilva@calhfa.ca.gov', N'2021-08-16 13:09:21.423', 5);
INSERT INTO dbo.LoanStatus (LoanStatusID, LoanID, StatusCode, StatusDate, LoginName, LoginDate, StatusSequence) VALUES (2805537, 1364644, 521, N'2021-08-16 13:15:50.427', N'OCR-CLDOCS', N'2021-08-16 13:15:50.427', 6);
INSERT INTO dbo.LoanStatus (LoanStatusID, LoanID, StatusCode, StatusDate, LoginName, LoginDate, StatusSequence) VALUES (2805538, 1364644, 510, N'2021-08-16 13:17:27.117', N'ssilva@calhfa.ca.gov', N'2021-08-16 13:17:27.117', 7);
INSERT INTO dbo.LoanStatus (LoanStatusID, LoanID, StatusCode, StatusDate, LoginName, LoginDate, StatusSequence) VALUES (2805539, 1364670, 110, N'2021-08-25 14:26:51.390', N'schintalapudi@CalHFA.ca.gov', N'2021-08-25 14:26:51.390', 1);
INSERT INTO dbo.LoanStatus (LoanStatusID, LoanID, StatusCode, StatusDate, LoginName, LoginDate, StatusSequence) VALUES (2805540, 1364671, 110, N'2021-08-25 14:26:51.733', N'schintalapudi@CalHFA.ca.gov', N'2021-08-25 14:26:51.733', 1);
INSERT INTO dbo.LoanStatus (LoanStatusID, LoanID, StatusCode, StatusDate, LoginName, LoginDate, StatusSequence) VALUES (2805541, 1364672, 110, N'2021-08-25 14:26:51.767', N'schintalapudi@CalHFA.ca.gov', N'2021-08-25 14:26:51.767', 1);
INSERT INTO dbo.LoanStatus (LoanStatusID, LoanID, StatusCode, StatusDate, LoginName, LoginDate, StatusSequence) VALUES (2805542, 1364628, 420, N'2021-08-25 17:58:31.323', N'SGAUTAM', N'2021-08-25 17:58:34.780', 3);
INSERT INTO dbo.LoanStatus (LoanStatusID, LoanID, StatusCode, StatusDate, LoginName, LoginDate, StatusSequence) VALUES (2805543, 1364629, 420, N'2021-08-25 17:58:31.323', N'SGAUTAM', N'2021-08-25 17:58:34.780', 3);
INSERT INTO dbo.LoanStatus (LoanStatusID, LoanID, StatusCode, StatusDate, LoginName, LoginDate, StatusSequence) VALUES (2805544, 1364627, 420, N'2021-08-25 17:58:31.323', N'SGAUTAM', N'2021-08-25 17:58:34.780', 5);
INSERT INTO dbo.LoanStatus (LoanStatusID, LoanID, StatusCode, StatusDate, LoginName, LoginDate, StatusSequence) VALUES (2805546, 1364604, 515, N'2021-08-31 09:24:35.193', N'BMUHEIM', N'2021-08-31 09:24:35.193', 7);
INSERT INTO dbo.LoanStatus (LoanStatusID, LoanID, StatusCode, StatusDate, LoginName, LoginDate, StatusSequence) VALUES (2805547, 1364605, 515, N'2021-08-31 09:24:35.193', N'BMUHEIM', N'2021-08-31 09:24:35.193', 7);
INSERT INTO dbo.LoanStatus (LoanStatusID, LoanID, StatusCode, StatusDate, LoginName, LoginDate, StatusSequence) VALUES (2805548, 1364605, 520, N'2021-08-31 09:28:14.053', N'BMUHEIM', N'2021-08-31 09:28:14.263', 8);
INSERT INTO dbo.LoanStatus (LoanStatusID, LoanID, StatusCode, StatusDate, LoginName, LoginDate, StatusSequence) VALUES (2805549, 1364605, 522, N'2021-08-31 09:34:50.123', N'bmuheim@calhfa.ca.gov', N'2021-08-31 09:34:50.123', 9);
INSERT INTO dbo.LoanStatus (LoanStatusID, LoanID, StatusCode, StatusDate, LoginName, LoginDate, StatusSequence) VALUES (2805550, 1364673, 120, N'2021-09-01 10:18:12.750', N'scasler@calhfa.ca.gov', N'2021-09-01 10:18:12.750', 1);
INSERT INTO dbo.LoanStatus (LoanStatusID, LoanID, StatusCode, StatusDate, LoginName, LoginDate, StatusSequence) VALUES (2805551, 1364674, 120, N'2021-09-01 10:18:12.920', N'scasler@calhfa.ca.gov', N'2021-09-01 10:18:12.920', 1);
INSERT INTO dbo.LoanStatus (LoanStatusID, LoanID, StatusCode, StatusDate, LoginName, LoginDate, StatusSequence) VALUES (2805552, 1364675, 120, N'2021-09-01 10:32:33.470', N'scasler@calhfa.ca.gov', N'2021-09-01 10:32:33.470', 1);
INSERT INTO dbo.LoanStatus (LoanStatusID, LoanID, StatusCode, StatusDate, LoginName, LoginDate, StatusSequence) VALUES (2805553, 1364676, 120, N'2021-09-01 10:32:33.533', N'scasler@calhfa.ca.gov', N'2021-09-01 10:32:33.533', 1);
INSERT INTO dbo.LoanStatus (LoanStatusID, LoanID, StatusCode, StatusDate, LoginName, LoginDate, StatusSequence) VALUES (2805554, 1364675, 410, N'2021-09-01 10:35:15.510', N'scasler@calhfa.ca.gov', N'2021-09-01 10:35:15.510', 2);
INSERT INTO dbo.LoanStatus (LoanStatusID, LoanID, StatusCode, StatusDate, LoginName, LoginDate, StatusSequence) VALUES (2805555, 1364676, 410, N'2021-09-01 10:35:15.523', N'scasler@calhfa.ca.gov', N'2021-09-01 10:35:15.523', 2);
INSERT INTO dbo.LoanStatus (LoanStatusID, LoanID, StatusCode, StatusDate, LoginName, LoginDate, StatusSequence) VALUES (2805556, 1364677, 110, N'2021-09-01 11:07:28.397', N'tvo@calhfa.ca.gov', N'2021-09-01 11:07:28.397', 1);
INSERT INTO dbo.LoanStatus (LoanStatusID, LoanID, StatusCode, StatusDate, LoginName, LoginDate, StatusSequence) VALUES (2805557, 1364678, 110, N'2021-09-01 11:07:28.520', N'tvo@calhfa.ca.gov', N'2021-09-01 11:07:28.520', 1);
INSERT INTO dbo.LoanStatus (LoanStatusID, LoanID, StatusCode, StatusDate, LoginName, LoginDate, StatusSequence) VALUES (2805558, 1364679, 110, N'2021-09-01 11:07:28.553', N'tvo@calhfa.ca.gov', N'2021-09-01 11:07:28.553', 1);
INSERT INTO dbo.LoanStatus (LoanStatusID, LoanID, StatusCode, StatusDate, LoginName, LoginDate, StatusSequence) VALUES (2805559, 1364676, 430, N'2021-09-01 11:17:09.590', N'SCASLER', N'2021-09-01 11:17:09.650', 3);
INSERT INTO dbo.LoanStatus (LoanStatusID, LoanID, StatusCode, StatusDate, LoginName, LoginDate, StatusSequence) VALUES (2805560, 1364675, 430, N'2021-09-01 11:17:09.590', N'SCASLER', N'2021-09-01 11:17:09.650', 3);
INSERT INTO dbo.LoanStatus (LoanStatusID, LoanID, StatusCode, StatusDate, LoginName, LoginDate, StatusSequence) VALUES (2805561, 1364676, 440, N'2021-09-01 11:17:14.093', N'SCASLER', N'2021-09-01 11:17:14.063', 4);
INSERT INTO dbo.LoanStatus (LoanStatusID, LoanID, StatusCode, StatusDate, LoginName, LoginDate, StatusSequence) VALUES (2805562, 1364675, 440, N'2021-09-01 11:17:14.093', N'SCASLER', N'2021-09-01 11:17:14.063', 4);
INSERT INTO dbo.LoanStatus (LoanStatusID, LoanID, StatusCode, StatusDate, LoginName, LoginDate, StatusSequence) VALUES (2805563, 1364676, 510, N'2021-09-01 11:19:59.850', N'scasler@calhfa.ca.gov', N'2021-09-01 11:19:59.850', 5);
INSERT INTO dbo.LoanStatus (LoanStatusID, LoanID, StatusCode, StatusDate, LoginName, LoginDate, StatusSequence) VALUES (2805564, 1364676, 521, N'2021-09-01 11:25:50.750', N'OCR-CLDOCS', N'2021-09-01 11:25:50.750', 6);
INSERT INTO dbo.LoanStatus (LoanStatusID, LoanID, StatusCode, StatusDate, LoginName, LoginDate, StatusSequence) VALUES (2805565, 1364676, 510, N'2021-09-01 12:13:15.210', N'scasler@calhfa.ca.gov', N'2021-09-01 12:13:15.210', 7);
INSERT INTO dbo.LoanStatus (LoanStatusID, LoanID, StatusCode, StatusDate, LoginName, LoginDate, StatusSequence) VALUES (2805566, 1364676, 515, N'2021-09-01 12:24:02.713', N'SCASLER', N'2021-09-01 12:24:02.700', 8);
INSERT INTO dbo.LoanStatus (LoanStatusID, LoanID, StatusCode, StatusDate, LoginName, LoginDate, StatusSequence) VALUES (2805567, 1364676, 527, N'2021-09-01 12:24:58.223', N'SCASLER', N'2021-09-01 12:24:58.230', 9);
INSERT INTO dbo.LoanStatus (LoanStatusID, LoanID, StatusCode, StatusDate, LoginName, LoginDate, StatusSequence) VALUES (2805568, 1364680, 110, N'2021-09-02 09:13:28.010', N'jkennedy@calhfa.ca.gov', N'2021-09-02 09:13:28.010', 1);
INSERT INTO dbo.LoanStatus (LoanStatusID, LoanID, StatusCode, StatusDate, LoginName, LoginDate, StatusSequence) VALUES (2805569, 1364681, 110, N'2021-09-02 09:13:28.353', N'jkennedy@calhfa.ca.gov', N'2021-09-02 09:13:28.353', 1);
INSERT INTO dbo.LoanStatus (LoanStatusID, LoanID, StatusCode, StatusDate, LoginName, LoginDate, StatusSequence) VALUES (2805570, 1364681, 120, N'2021-09-02 09:14:00.823', N'JKENNEDY', N'2021-09-02 09:14:00.920', 2);
INSERT INTO dbo.LoanStatus (LoanStatusID, LoanID, StatusCode, StatusDate, LoginName, LoginDate, StatusSequence) VALUES (2805571, 1364680, 120, N'2021-09-02 09:14:00.823', N'JKENNEDY', N'2021-09-02 09:14:00.920', 2);
INSERT INTO dbo.LoanStatus (LoanStatusID, LoanID, StatusCode, StatusDate, LoginName, LoginDate, StatusSequence) VALUES (2805572, 1364681, 210, N'2021-09-02 09:14:09.943', N'JKENNEDY', N'2021-09-02 09:14:17.493', 3);
INSERT INTO dbo.LoanStatus (LoanStatusID, LoanID, StatusCode, StatusDate, LoginName, LoginDate, StatusSequence) VALUES (2805573, 1364680, 210, N'2021-09-02 09:14:09.943', N'JKENNEDY', N'2021-09-02 09:14:17.493', 3);
INSERT INTO dbo.LoanStatus (LoanStatusID, LoanID, StatusCode, StatusDate, LoginName, LoginDate, StatusSequence) VALUES (2805574, 1364681, 215, N'2021-09-02 09:14:34.583', N'JKENNEDY', N'2021-09-02 09:14:34.583', 4);
INSERT INTO dbo.LoanStatus (LoanStatusID, LoanID, StatusCode, StatusDate, LoginName, LoginDate, StatusSequence) VALUES (2805575, 1364680, 215, N'2021-09-02 09:14:34.583', N'JKENNEDY', N'2021-09-02 09:14:34.583', 4);
INSERT INTO dbo.LoanStatus (LoanStatusID, LoanID, StatusCode, StatusDate, LoginName, LoginDate, StatusSequence) VALUES (2805576, 1364681, 410, N'2021-09-02 09:14:44.660', N'JKENNEDY', N'2021-09-02 09:14:52.340', 5);
INSERT INTO dbo.LoanStatus (LoanStatusID, LoanID, StatusCode, StatusDate, LoginName, LoginDate, StatusSequence) VALUES (2805577, 1364680, 410, N'2021-09-02 09:14:44.660', N'JKENNEDY', N'2021-09-02 09:14:52.340', 5);
INSERT INTO dbo.LoanStatus (LoanStatusID, LoanID, StatusCode, StatusDate, LoginName, LoginDate, StatusSequence) VALUES (2805578, 1364681, 415, N'2021-09-02 09:15:05.630', N'JKENNEDY', N'2021-09-02 09:15:05.623', 6);
INSERT INTO dbo.LoanStatus (LoanStatusID, LoanID, StatusCode, StatusDate, LoginName, LoginDate, StatusSequence) VALUES (2805579, 1364680, 415, N'2021-09-02 09:15:05.630', N'JKENNEDY', N'2021-09-02 09:15:05.623', 6);
INSERT INTO dbo.LoanStatus (LoanStatusID, LoanID, StatusCode, StatusDate, LoginName, LoginDate, StatusSequence) VALUES (2805580, 1364681, 430, N'2021-09-02 09:18:01.270', N'JKENNEDY', N'2021-09-02 09:18:01.360', 7);
INSERT INTO dbo.LoanStatus (LoanStatusID, LoanID, StatusCode, StatusDate, LoginName, LoginDate, StatusSequence) VALUES (2805581, 1364680, 430, N'2021-09-02 09:18:01.270', N'JKENNEDY', N'2021-09-02 09:18:01.360', 7);
INSERT INTO dbo.LoanStatus (LoanStatusID, LoanID, StatusCode, StatusDate, LoginName, LoginDate, StatusSequence) VALUES (2805582, 1364681, 440, N'2021-09-02 09:18:12.533', N'JKENNEDY', N'2021-09-02 09:18:12.517', 8);
INSERT INTO dbo.LoanStatus (LoanStatusID, LoanID, StatusCode, StatusDate, LoginName, LoginDate, StatusSequence) VALUES (2805583, 1364680, 440, N'2021-09-02 09:18:12.533', N'JKENNEDY', N'2021-09-02 09:18:12.517', 8);
INSERT INTO dbo.LoanStatus (LoanStatusID, LoanID, StatusCode, StatusDate, LoginName, LoginDate, StatusSequence) VALUES (2805584, 1364682, 120, N'2021-09-02 10:01:37.390', N'schintalapudi@CalHFA.ca.gov', N'2021-09-02 10:01:37.390', 1);
INSERT INTO dbo.LoanStatus (LoanStatusID, LoanID, StatusCode, StatusDate, LoginName, LoginDate, StatusSequence) VALUES (2805585, 1364683, 120, N'2021-09-02 10:01:37.593', N'schintalapudi@CalHFA.ca.gov', N'2021-09-02 10:01:37.593', 1);
INSERT INTO dbo.LoanStatus (LoanStatusID, LoanID, StatusCode, StatusDate, LoginName, LoginDate, StatusSequence) VALUES (2805586, 1364684, 120, N'2021-09-02 10:01:37.623', N'schintalapudi@CalHFA.ca.gov', N'2021-09-02 10:01:37.623', 1);
INSERT INTO dbo.LoanStatus (LoanStatusID, LoanID, StatusCode, StatusDate, LoginName, LoginDate, StatusSequence) VALUES (2805632, 1364662, 515, N'2021-09-16 12:20:09.300', N'SCHINTALAPUDI', N'2021-09-16 12:20:09.300', 8);
INSERT INTO dbo.LoanStatus (LoanStatusID, LoanID, StatusCode, StatusDate, LoginName, LoginDate, StatusSequence) VALUES (2805633, 1364600, 515, N'2021-09-16 12:20:32.693', N'SCHINTALAPUDI', N'2021-09-16 12:20:32.693', 13);
INSERT INTO dbo.LoanStatus (LoanStatusID, LoanID, StatusCode, StatusDate, LoginName, LoginDate, StatusSequence) VALUES (2805635, 1364644, 515, N'2021-09-16 12:20:52.617', N'SCHINTALAPUDI', N'2021-09-16 12:20:52.617', 8);
INSERT INTO dbo.LoanStatus (LoanStatusID, LoanID, StatusCode, StatusDate, LoginName, LoginDate, StatusSequence) VALUES (2805636, 1364644, 520, N'2021-09-16 12:24:27.603', N'SCHINTALAPUDI', N'2021-09-16 12:24:27.603', 9);
INSERT INTO dbo.LoanStatus (LoanStatusID, LoanID, StatusCode, StatusDate, LoginName, LoginDate, StatusSequence) VALUES (2805637, 1364643, 410, N'2021-09-16 12:33:59.840', N'schintalapudi@CalHFA.ca.gov', N'2021-09-16 12:33:59.840', 6);
INSERT INTO dbo.LoanStatus (LoanStatusID, LoanID, StatusCode, StatusDate, LoginName, LoginDate, StatusSequence) VALUES (2805638, 1364645, 410, N'2021-09-16 12:33:59.840', N'schintalapudi@CalHFA.ca.gov', N'2021-09-16 12:33:59.840', 5);
INSERT INTO dbo.LoanStatus (LoanStatusID, LoanID, StatusCode, StatusDate, LoginName, LoginDate, StatusSequence) VALUES (2805639, 1364645, 430, N'2021-09-16 12:34:53.070', N'SCHINTALAPUDI', N'2021-09-16 12:34:53.050', 6);
INSERT INTO dbo.LoanStatus (LoanStatusID, LoanID, StatusCode, StatusDate, LoginName, LoginDate, StatusSequence) VALUES (2805640, 1364643, 430, N'2021-09-16 12:34:53.070', N'SCHINTALAPUDI', N'2021-09-16 12:34:53.050', 7);
INSERT INTO dbo.LoanStatus (LoanStatusID, LoanID, StatusCode, StatusDate, LoginName, LoginDate, StatusSequence) VALUES (2805641, 1364645, 440, N'2021-09-16 12:35:12.720', N'SCHINTALAPUDI', N'2021-09-16 12:35:12.707', 7);
INSERT INTO dbo.LoanStatus (LoanStatusID, LoanID, StatusCode, StatusDate, LoginName, LoginDate, StatusSequence) VALUES (2805642, 1364643, 440, N'2021-09-16 12:35:12.720', N'SCHINTALAPUDI', N'2021-09-16 12:35:12.707', 8);
INSERT INTO dbo.LoanStatus (LoanStatusID, LoanID, StatusCode, StatusDate, LoginName, LoginDate, StatusSequence) VALUES (2805587, 1364685, 120, N'2021-09-09 10:43:47.850', N'schintalapudi@CalHFA.ca.gov', N'2021-09-09 10:43:47.850', 1);
INSERT INTO dbo.LoanStatus (LoanStatusID, LoanID, StatusCode, StatusDate, LoginName, LoginDate, StatusSequence) VALUES (2805588, 1364686, 120, N'2021-09-09 10:43:48.113', N'schintalapudi@CalHFA.ca.gov', N'2021-09-09 10:43:48.113', 1);
INSERT INTO dbo.LoanStatus (LoanStatusID, LoanID, StatusCode, StatusDate, LoginName, LoginDate, StatusSequence) VALUES (2805589, 1364687, 120, N'2021-09-09 10:43:48.147', N'schintalapudi@CalHFA.ca.gov', N'2021-09-09 10:43:48.147', 1);
INSERT INTO dbo.LoanStatus (LoanStatusID, LoanID, StatusCode, StatusDate, LoginName, LoginDate, StatusSequence) VALUES (2805590, 1364688, 120, N'2021-09-09 11:03:14.397', N'schintalapudi@CalHFA.ca.gov', N'2021-09-09 11:03:14.397', 1);
INSERT INTO dbo.LoanStatus (LoanStatusID, LoanID, StatusCode, StatusDate, LoginName, LoginDate, StatusSequence) VALUES (2805591, 1364689, 120, N'2021-09-09 11:03:14.507', N'schintalapudi@CalHFA.ca.gov', N'2021-09-09 11:03:14.507', 1);
INSERT INTO dbo.LoanStatus (LoanStatusID, LoanID, StatusCode, StatusDate, LoginName, LoginDate, StatusSequence) VALUES (2805592, 1364690, 120, N'2021-09-09 11:03:14.537', N'schintalapudi@CalHFA.ca.gov', N'2021-09-09 11:03:14.537', 1);
INSERT INTO dbo.LoanStatus (LoanStatusID, LoanID, StatusCode, StatusDate, LoginName, LoginDate, StatusSequence) VALUES (2805593, 1364691, 110, N'2021-09-10 11:25:24.653', N'ssilva@calhfa.ca.gov', N'2021-09-10 11:25:24.653', 1);
INSERT INTO dbo.LoanStatus (LoanStatusID, LoanID, StatusCode, StatusDate, LoginName, LoginDate, StatusSequence) VALUES (2805594, 1364692, 110, N'2021-09-10 11:25:24.933', N'ssilva@calhfa.ca.gov', N'2021-09-10 11:25:24.933', 1);
INSERT INTO dbo.LoanStatus (LoanStatusID, LoanID, StatusCode, StatusDate, LoginName, LoginDate, StatusSequence) VALUES (2805595, 1364685, 410, N'2021-09-13 12:46:18.683', N'schintalapudi@CalHFA.ca.gov', N'2021-09-13 12:46:18.683', 2);
INSERT INTO dbo.LoanStatus (LoanStatusID, LoanID, StatusCode, StatusDate, LoginName, LoginDate, StatusSequence) VALUES (2805596, 1364686, 410, N'2021-09-13 12:46:18.697', N'schintalapudi@CalHFA.ca.gov', N'2021-09-13 12:46:18.697', 2);
INSERT INTO dbo.LoanStatus (LoanStatusID, LoanID, StatusCode, StatusDate, LoginName, LoginDate, StatusSequence) VALUES (2805597, 1364687, 410, N'2021-09-13 12:46:18.697', N'schintalapudi@CalHFA.ca.gov', N'2021-09-13 12:46:18.697', 2);
INSERT INTO dbo.LoanStatus (LoanStatusID, LoanID, StatusCode, StatusDate, LoginName, LoginDate, StatusSequence) VALUES (2805598, 1364686, 430, N'2021-09-13 12:48:21.597', N'SCHINTALAPUDI', N'2021-09-13 12:48:21.690', 3);
INSERT INTO dbo.LoanStatus (LoanStatusID, LoanID, StatusCode, StatusDate, LoginName, LoginDate, StatusSequence) VALUES (2805599, 1364687, 430, N'2021-09-13 12:48:21.597', N'SCHINTALAPUDI', N'2021-09-13 12:48:21.690', 3);
INSERT INTO dbo.LoanStatus (LoanStatusID, LoanID, StatusCode, StatusDate, LoginName, LoginDate, StatusSequence) VALUES (2805600, 1364685, 430, N'2021-09-13 12:48:21.597', N'SCHINTALAPUDI', N'2021-09-13 12:48:21.690', 3);
INSERT INTO dbo.LoanStatus (LoanStatusID, LoanID, StatusCode, StatusDate, LoginName, LoginDate, StatusSequence) VALUES (2805601, 1364686, 440, N'2021-09-13 12:48:39.810', N'SCHINTALAPUDI', N'2021-09-13 12:48:39.800', 4);
INSERT INTO dbo.LoanStatus (LoanStatusID, LoanID, StatusCode, StatusDate, LoginName, LoginDate, StatusSequence) VALUES (2805602, 1364687, 440, N'2021-09-13 12:48:39.810', N'SCHINTALAPUDI', N'2021-09-13 12:48:39.800', 4);
INSERT INTO dbo.LoanStatus (LoanStatusID, LoanID, StatusCode, StatusDate, LoginName, LoginDate, StatusSequence) VALUES (2805603, 1364685, 440, N'2021-09-13 12:48:39.810', N'SCHINTALAPUDI', N'2021-09-13 12:48:39.800', 4);
INSERT INTO dbo.LoanStatus (LoanStatusID, LoanID, StatusCode, StatusDate, LoginName, LoginDate, StatusSequence) VALUES (2805604, 1364693, 110, N'2021-09-14 09:15:39.703', N'jkennedy@calhfa.ca.gov', N'2021-09-14 09:15:39.703', 1);
INSERT INTO dbo.LoanStatus (LoanStatusID, LoanID, StatusCode, StatusDate, LoginName, LoginDate, StatusSequence) VALUES (2805605, 1364694, 110, N'2021-09-14 09:15:40.060', N'jkennedy@calhfa.ca.gov', N'2021-09-14 09:15:40.060', 1);
INSERT INTO dbo.LoanStatus (LoanStatusID, LoanID, StatusCode, StatusDate, LoginName, LoginDate, StatusSequence) VALUES (2805606, 1364695, 120, N'2021-09-14 15:16:59.207', N'schintalapudi@CalHFA.ca.gov', N'2021-09-14 15:16:59.207', 1);
INSERT INTO dbo.LoanStatus (LoanStatusID, LoanID, StatusCode, StatusDate, LoginName, LoginDate, StatusSequence) VALUES (2805607, 1364696, 120, N'2021-09-14 15:16:59.457', N'schintalapudi@CalHFA.ca.gov', N'2021-09-14 15:16:59.457', 1);
INSERT INTO dbo.LoanStatus (LoanStatusID, LoanID, StatusCode, StatusDate, LoginName, LoginDate, StatusSequence) VALUES (2805608, 1364697, 120, N'2021-09-14 15:16:59.503', N'schintalapudi@CalHFA.ca.gov', N'2021-09-14 15:16:59.503', 1);
INSERT INTO dbo.LoanStatus (LoanStatusID, LoanID, StatusCode, StatusDate, LoginName, LoginDate, StatusSequence) VALUES (2805609, 1364686, 510, N'2021-09-16 11:43:07.093', N'SCHINTALAPUDI', N'2021-09-16 11:43:07.190', 5);
INSERT INTO dbo.LoanStatus (LoanStatusID, LoanID, StatusCode, StatusDate, LoginName, LoginDate, StatusSequence) VALUES (2805610, 1364687, 510, N'2021-09-16 11:44:17.653', N'SCHINTALAPUDI', N'2021-09-16 11:44:17.763', 5);
INSERT INTO dbo.LoanStatus (LoanStatusID, LoanID, StatusCode, StatusDate, LoginName, LoginDate, StatusSequence) VALUES (2805611, 1364686, 515, N'2021-09-16 11:45:49.703', N'SCHINTALAPUDI', N'2021-09-16 11:45:49.707', 6);
INSERT INTO dbo.LoanStatus (LoanStatusID, LoanID, StatusCode, StatusDate, LoginName, LoginDate, StatusSequence) VALUES (2805612, 1364687, 515, N'2021-09-16 11:45:49.723', N'SCHINTALAPUDI', N'2021-09-16 11:45:49.723', 6);
INSERT INTO dbo.LoanStatus (LoanStatusID, LoanID, StatusCode, StatusDate, LoginName, LoginDate, StatusSequence) VALUES (2805613, 1364685, 920, N'2021-09-16 11:51:45.687', N'schintalapudi@CalHFA.ca.gov', N'2021-09-16 11:51:45.687', 5);
INSERT INTO dbo.LoanStatus (LoanStatusID, LoanID, StatusCode, StatusDate, LoginName, LoginDate, StatusSequence) VALUES (2805614, 1364686, 920, N'2021-09-16 11:51:45.703', N'schintalapudi@CalHFA.ca.gov', N'2021-09-16 11:51:45.703', 7);
INSERT INTO dbo.LoanStatus (LoanStatusID, LoanID, StatusCode, StatusDate, LoginName, LoginDate, StatusSequence) VALUES (2805615, 1364687, 920, N'2021-09-16 11:51:45.717', N'schintalapudi@CalHFA.ca.gov', N'2021-09-16 11:51:45.717', 7);
INSERT INTO dbo.LoanStatus (LoanStatusID, LoanID, StatusCode, StatusDate, LoginName, LoginDate, StatusSequence) VALUES (2805617, 1364695, 410, N'2021-09-16 12:04:38.777', N'schintalapudi@CalHFA.ca.gov', N'2021-09-16 12:04:38.777', 2);
INSERT INTO dbo.LoanStatus (LoanStatusID, LoanID, StatusCode, StatusDate, LoginName, LoginDate, StatusSequence) VALUES (2805618, 1364696, 410, N'2021-09-16 12:04:38.777', N'schintalapudi@CalHFA.ca.gov', N'2021-09-16 12:04:38.777', 2);
INSERT INTO dbo.LoanStatus (LoanStatusID, LoanID, StatusCode, StatusDate, LoginName, LoginDate, StatusSequence) VALUES (2805619, 1364697, 410, N'2021-09-16 12:04:38.777', N'schintalapudi@CalHFA.ca.gov', N'2021-09-16 12:04:38.777', 2);
INSERT INTO dbo.LoanStatus (LoanStatusID, LoanID, StatusCode, StatusDate, LoginName, LoginDate, StatusSequence) VALUES (2805620, 1364696, 420, N'2021-09-16 12:07:21.017', N'SCHINTALAPUDI', N'2021-09-16 12:07:21.023', 3);
INSERT INTO dbo.LoanStatus (LoanStatusID, LoanID, StatusCode, StatusDate, LoginName, LoginDate, StatusSequence) VALUES (2805621, 1364697, 420, N'2021-09-16 12:07:21.017', N'SCHINTALAPUDI', N'2021-09-16 12:07:21.023', 3);
INSERT INTO dbo.LoanStatus (LoanStatusID, LoanID, StatusCode, StatusDate, LoginName, LoginDate, StatusSequence) VALUES (2805622, 1364695, 420, N'2021-09-16 12:07:21.017', N'SCHINTALAPUDI', N'2021-09-16 12:07:21.023', 3);
INSERT INTO dbo.LoanStatus (LoanStatusID, LoanID, StatusCode, StatusDate, LoginName, LoginDate, StatusSequence) VALUES (2805623, 1364696, 430, N'2021-09-16 12:15:17.997', N'SCHINTALAPUDI', N'2021-09-16 12:15:17.990', 4);
INSERT INTO dbo.LoanStatus (LoanStatusID, LoanID, StatusCode, StatusDate, LoginName, LoginDate, StatusSequence) VALUES (2805624, 1364697, 430, N'2021-09-16 12:15:17.997', N'SCHINTALAPUDI', N'2021-09-16 12:15:17.990', 4);
INSERT INTO dbo.LoanStatus (LoanStatusID, LoanID, StatusCode, StatusDate, LoginName, LoginDate, StatusSequence) VALUES (2805625, 1364695, 430, N'2021-09-16 12:15:17.997', N'SCHINTALAPUDI', N'2021-09-16 12:15:17.990', 4);
INSERT INTO dbo.LoanStatus (LoanStatusID, LoanID, StatusCode, StatusDate, LoginName, LoginDate, StatusSequence) VALUES (2805626, 1364696, 440, N'2021-09-16 12:15:42.487', N'SCHINTALAPUDI', N'2021-09-16 12:15:42.480', 5);
INSERT INTO dbo.LoanStatus (LoanStatusID, LoanID, StatusCode, StatusDate, LoginName, LoginDate, StatusSequence) VALUES (2805627, 1364697, 440, N'2021-09-16 12:15:42.487', N'SCHINTALAPUDI', N'2021-09-16 12:15:42.480', 5);
INSERT INTO dbo.LoanStatus (LoanStatusID, LoanID, StatusCode, StatusDate, LoginName, LoginDate, StatusSequence) VALUES (2805628, 1364695, 440, N'2021-09-16 12:15:42.487', N'SCHINTALAPUDI', N'2021-09-16 12:15:42.480', 5);
INSERT INTO dbo.LoanStatus (LoanStatusID, LoanID, StatusCode, StatusDate, LoginName, LoginDate, StatusSequence) VALUES (2805629, 1364696, 510, N'2021-09-16 12:16:26.877', N'SCHINTALAPUDI', N'2021-09-16 12:17:51.647', 6);
INSERT INTO dbo.LoanStatus (LoanStatusID, LoanID, StatusCode, StatusDate, LoginName, LoginDate, StatusSequence) VALUES (2805630, 1364697, 510, N'2021-09-16 12:16:26.877', N'SCHINTALAPUDI', N'2021-09-16 12:18:17.940', 6);
INSERT INTO dbo.LoanStatus (LoanStatusID, LoanID, StatusCode, StatusDate, LoginName, LoginDate, StatusSequence) VALUES (2805643, 1364688, 410, N'2021-09-22 12:23:33.120', N'schintalapudi@CalHFA.ca.gov', N'2021-09-22 12:23:33.120', 2);
INSERT INTO dbo.LoanStatus (LoanStatusID, LoanID, StatusCode, StatusDate, LoginName, LoginDate, StatusSequence) VALUES (2805644, 1364689, 410, N'2021-09-22 12:23:33.133', N'schintalapudi@CalHFA.ca.gov', N'2021-09-22 12:23:33.133', 2);
INSERT INTO dbo.LoanStatus (LoanStatusID, LoanID, StatusCode, StatusDate, LoginName, LoginDate, StatusSequence) VALUES (2805645, 1364690, 410, N'2021-09-22 12:23:33.133', N'schintalapudi@CalHFA.ca.gov', N'2021-09-22 12:23:33.133', 2);
INSERT INTO dbo.LoanStatus (LoanStatusID, LoanID, StatusCode, StatusDate, LoginName, LoginDate, StatusSequence) VALUES (2805646, 1364698, 120, N'2021-09-22 13:54:02.273', N'schintalapudi@CalHFA.ca.gov', N'2021-09-22 13:54:02.273', 1);
INSERT INTO dbo.LoanStatus (LoanStatusID, LoanID, StatusCode, StatusDate, LoginName, LoginDate, StatusSequence) VALUES (2805647, 1364699, 120, N'2021-09-22 13:54:02.463', N'schintalapudi@CalHFA.ca.gov', N'2021-09-22 13:54:02.463', 1);
INSERT INTO dbo.LoanStatus (LoanStatusID, LoanID, StatusCode, StatusDate, LoginName, LoginDate, StatusSequence) VALUES (2805648, 1364700, 120, N'2021-09-22 13:54:02.493', N'schintalapudi@CalHFA.ca.gov', N'2021-09-22 13:54:02.493', 1);
INSERT INTO dbo.LoanStatus (LoanStatusID, LoanID, StatusCode, StatusDate, LoginName, LoginDate, StatusSequence) VALUES (2805649, 1364701, 120, N'2021-09-23 12:29:52.080', N'schintalapudi@CalHFA.ca.gov', N'2021-09-23 12:29:52.080', 1);
INSERT INTO dbo.LoanStatus (LoanStatusID, LoanID, StatusCode, StatusDate, LoginName, LoginDate, StatusSequence) VALUES (2805650, 1364702, 120, N'2021-09-23 12:29:52.267', N'schintalapudi@CalHFA.ca.gov', N'2021-09-23 12:29:52.267', 1);
INSERT INTO dbo.LoanStatus (LoanStatusID, LoanID, StatusCode, StatusDate, LoginName, LoginDate, StatusSequence) VALUES (2805651, 1364703, 120, N'2021-09-23 12:29:52.313', N'schintalapudi@CalHFA.ca.gov', N'2021-09-23 12:29:52.313', 1);
INSERT INTO dbo.LoanStatus (LoanStatusID, LoanID, StatusCode, StatusDate, LoginName, LoginDate, StatusSequence) VALUES (2805652, 1364701, 410, N'2021-09-23 12:33:32.130', N'schintalapudi@CalHFA.ca.gov', N'2021-09-23 12:33:32.130', 2);
INSERT INTO dbo.LoanStatus (LoanStatusID, LoanID, StatusCode, StatusDate, LoginName, LoginDate, StatusSequence) VALUES (2805653, 1364702, 410, N'2021-09-23 12:33:32.147', N'schintalapudi@CalHFA.ca.gov', N'2021-09-23 12:33:32.147', 2);
INSERT INTO dbo.LoanStatus (LoanStatusID, LoanID, StatusCode, StatusDate, LoginName, LoginDate, StatusSequence) VALUES (2805654, 1364703, 410, N'2021-09-23 12:33:32.147', N'schintalapudi@CalHFA.ca.gov', N'2021-09-23 12:33:32.147', 2);
INSERT INTO dbo.LoanStatus (LoanStatusID, LoanID, StatusCode, StatusDate, LoginName, LoginDate, StatusSequence) VALUES (2805655, 1364704, 120, N'2021-09-23 13:03:56.597', N'scasler@calhfa.ca.gov', N'2021-09-23 13:03:56.597', 1);
INSERT INTO dbo.LoanStatus (LoanStatusID, LoanID, StatusCode, StatusDate, LoginName, LoginDate, StatusSequence) VALUES (2805656, 1364705, 120, N'2021-09-23 13:03:56.660', N'scasler@calhfa.ca.gov', N'2021-09-23 13:03:56.660', 1);
INSERT INTO dbo.LoanStatus (LoanStatusID, LoanID, StatusCode, StatusDate, LoginName, LoginDate, StatusSequence) VALUES (2805657, 1364701, 430, N'2021-09-27 10:33:32.130', N'sgautam@CalHFA.ca.gov', N'2021-09-27 10:33:32.130', 3);
INSERT INTO dbo.LoanStatus (LoanStatusID, LoanID, StatusCode, StatusDate, LoginName, LoginDate, StatusSequence) VALUES (2805658, 1364701, 440, N'2021-09-27 10:23:01.040', N'SCHINTALAPUDI', N'2021-09-27 10:23:01.193', 4);
INSERT INTO dbo.LoanStatus (LoanStatusID, LoanID, StatusCode, StatusDate, LoginName, LoginDate, StatusSequence) VALUES (2805659, 1364706, 120, N'2021-09-28 11:33:46.663', N'schintalapudi@CalHFA.ca.gov', N'2021-09-28 11:33:46.663', 1);
INSERT INTO dbo.LoanStatus (LoanStatusID, LoanID, StatusCode, StatusDate, LoginName, LoginDate, StatusSequence) VALUES (2805660, 1364707, 120, N'2021-09-28 11:33:46.723', N'schintalapudi@CalHFA.ca.gov', N'2021-09-28 11:33:46.723', 1);
INSERT INTO dbo.LoanStatus (LoanStatusID, LoanID, StatusCode, StatusDate, LoginName, LoginDate, StatusSequence) VALUES (2805661, 1364708, 110, N'2021-09-28 11:42:58.587', N'schintalapudi@CalHFA.ca.gov', N'2021-09-28 11:42:58.587', 1);
INSERT INTO dbo.LoanStatus (LoanStatusID, LoanID, StatusCode, StatusDate, LoginName, LoginDate, StatusSequence) VALUES (2805662, 1364709, 110, N'2021-09-28 11:42:58.773', N'schintalapudi@CalHFA.ca.gov', N'2021-09-28 11:42:58.773', 1);
INSERT INTO dbo.LoanStatus (LoanStatusID, LoanID, StatusCode, StatusDate, LoginName, LoginDate, StatusSequence) VALUES (2805663, 1364710, 120, N'2021-09-28 12:03:37.370', N'schintalapudi@CalHFA.ca.gov', N'2021-09-28 12:03:37.370', 1);
INSERT INTO dbo.LoanStatus (LoanStatusID, LoanID, StatusCode, StatusDate, LoginName, LoginDate, StatusSequence) VALUES (2805664, 1364711, 120, N'2021-09-28 12:03:37.447', N'schintalapudi@CalHFA.ca.gov', N'2021-09-28 12:03:37.447', 1);
INSERT INTO dbo.LoanStatus (LoanStatusID, LoanID, StatusCode, StatusDate, LoginName, LoginDate, StatusSequence) VALUES (2805665, 1364712, 120, N'2021-09-29 13:00:49.873', N'schintalapudi@CalHFA.ca.gov', N'2021-09-29 13:00:49.873', 1);
INSERT INTO dbo.LoanStatus (LoanStatusID, LoanID, StatusCode, StatusDate, LoginName, LoginDate, StatusSequence) VALUES (2805666, 1364713, 120, N'2021-09-29 13:00:50.043', N'schintalapudi@CalHFA.ca.gov', N'2021-09-29 13:00:50.043', 1);
INSERT INTO dbo.LoanStatus (LoanStatusID, LoanID, StatusCode, StatusDate, LoginName, LoginDate, StatusSequence) VALUES (2805667, 1364714, 120, N'2021-09-29 13:00:50.090', N'schintalapudi@CalHFA.ca.gov', N'2021-09-29 13:00:50.090', 1);
INSERT INTO dbo.LoanStatus (LoanStatusID, LoanID, StatusCode, StatusDate, LoginName, LoginDate, StatusSequence) VALUES (2805668, 1364715, 120, N'2021-09-29 13:04:55.357', N'schintalapudi@CalHFA.ca.gov', N'2021-09-29 13:04:55.357', 1);
INSERT INTO dbo.LoanStatus (LoanStatusID, LoanID, StatusCode, StatusDate, LoginName, LoginDate, StatusSequence) VALUES (2805669, 1364716, 120, N'2021-09-29 13:04:55.420', N'schintalapudi@CalHFA.ca.gov', N'2021-09-29 13:04:55.420', 1);
INSERT INTO dbo.LoanStatus (LoanStatusID, LoanID, StatusCode, StatusDate, LoginName, LoginDate, StatusSequence) VALUES (2805670, 1364717, 120, N'2021-09-29 13:04:55.450', N'schintalapudi@CalHFA.ca.gov', N'2021-09-29 13:04:55.450', 1);
INSERT INTO dbo.LoanStatus (LoanStatusID, LoanID, StatusCode, StatusDate, LoginName, LoginDate, StatusSequence) VALUES (2805671, 1364715, 410, N'2021-09-30 15:00:49.473', N'schintalapudi@CalHFA.ca.gov', N'2021-09-30 15:00:49.473', 2);
INSERT INTO dbo.LoanStatus (LoanStatusID, LoanID, StatusCode, StatusDate, LoginName, LoginDate, StatusSequence) VALUES (2805672, 1364716, 410, N'2021-09-30 15:00:49.487', N'schintalapudi@CalHFA.ca.gov', N'2021-09-30 15:00:49.487', 2);
INSERT INTO dbo.LoanStatus (LoanStatusID, LoanID, StatusCode, StatusDate, LoginName, LoginDate, StatusSequence) VALUES (2805673, 1364717, 410, N'2021-09-30 15:00:49.487', N'schintalapudi@CalHFA.ca.gov', N'2021-09-30 15:00:49.487', 2);
INSERT INTO dbo.LoanStatus (LoanStatusID, LoanID, StatusCode, StatusDate, LoginName, LoginDate, StatusSequence) VALUES (2805674, 1364716, 440, N'2021-09-30 15:13:16.927', N'SCHINTALAPUDI', N'2021-09-30 15:13:17.013', 3);
INSERT INTO dbo.LoanStatus (LoanStatusID, LoanID, StatusCode, StatusDate, LoginName, LoginDate, StatusSequence) VALUES (2805675, 1364717, 440, N'2021-09-30 15:13:16.927', N'SCHINTALAPUDI', N'2021-09-30 15:13:17.013', 3);
INSERT INTO dbo.LoanStatus (LoanStatusID, LoanID, StatusCode, StatusDate, LoginName, LoginDate, StatusSequence) VALUES (2805676, 1364715, 440, N'2021-09-30 15:13:16.927', N'SCHINTALAPUDI', N'2021-09-30 15:13:17.013', 3);
INSERT INTO dbo.LoanStatus (LoanStatusID, LoanID, StatusCode, StatusDate, LoginName, LoginDate, StatusSequence) VALUES (2805677, 1364712, 410, N'2021-09-30 15:58:25.827', N'schintalapudi@CalHFA.ca.gov', N'2021-09-30 15:58:25.827', 2);
INSERT INTO dbo.LoanStatus (LoanStatusID, LoanID, StatusCode, StatusDate, LoginName, LoginDate, StatusSequence) VALUES (2805678, 1364713, 410, N'2021-09-30 15:58:25.827', N'schintalapudi@CalHFA.ca.gov', N'2021-09-30 15:58:25.827', 2);
INSERT INTO dbo.LoanStatus (LoanStatusID, LoanID, StatusCode, StatusDate, LoginName, LoginDate, StatusSequence) VALUES (2805679, 1364714, 410, N'2021-09-30 15:58:25.827', N'schintalapudi@CalHFA.ca.gov', N'2021-09-30 15:58:25.827', 2);
INSERT INTO dbo.LoanStatus (LoanStatusID, LoanID, StatusCode, StatusDate, LoginName, LoginDate, StatusSequence) VALUES (2805680, 1364709, 120, N'2021-10-01 13:57:02.557', N'SCHINTALAPUDI', N'2021-10-01 13:57:02.610', 2);
INSERT INTO dbo.LoanStatus (LoanStatusID, LoanID, StatusCode, StatusDate, LoginName, LoginDate, StatusSequence) VALUES (2805681, 1364708, 120, N'2021-10-01 13:57:02.557', N'SCHINTALAPUDI', N'2021-10-01 13:57:02.610', 2);
INSERT INTO dbo.LoanStatus (LoanStatusID, LoanID, StatusCode, StatusDate, LoginName, LoginDate, StatusSequence) VALUES (2805682, 1364718, 110, N'2021-10-04 15:35:05.690', N'mastestytesterson@gmail.com', N'2021-10-04 15:35:05.690', 1);

SET IDENTITY_INSERT dbo.LoanStatus 
Off;